model,year,price,transmission,mileage,fuelType,tax,mpg,engineSize
 Shuttle,2018,19998,Manual,24328,Diesel,145,47.1,2.0
 Shuttle,2018,19998,Manual,25029,Diesel,145,47.1,2.0
 Shuttle,2018,19998,Manual,23027,Diesel,145,47.1,2.0
 Shuttle,2019,23329,Semi-Auto,13859,Diesel,145,32.8,2.0
 Shuttle,2019,19995,Manual,8329,Diesel,145,38.2,2.0
 Shuttle,2018,19998,Manual,21226,Diesel,145,47.1,2.0
 Shuttle,2017,32995,Semi-Auto,4828,Diesel,145,47.1,2.0
 Shuttle,2019,20480,Manual,3615,Diesel,145,38.2,2.0
 Shuttle,2016,16998,Manual,20074,Diesel,200,47.1,2.0
 Shuttle,2019,29995,Semi-Auto,4800,Diesel,145,33.2,2.0
 Shuttle,2018,19498,Manual,19712,Diesel,150,47.1,2.0
 Shuttle,2018,19498,Manual,21369,Diesel,150,47.1,2.0
 Shuttle,2018,19498,Manual,21146,Diesel,150,47.1,2.0
 Shuttle,2018,18998,Manual,24339,Diesel,145,47.1,2.0
 Shuttle,2017,17998,Manual,18722,Diesel,200,47.1,2.0
 Shuttle,2015,17895,Automatic,26146,Diesel,325,35.3,2.0
 Shuttle,2019,32395,Semi-Auto,5000,Diesel,145,33.2,2.0
 Shuttle,2020,25199,Manual,1000,Diesel,150,37.7,2.0
 Shuttle,2018,19998,Manual,21590,Diesel,145,47.1,2.0
 Shuttle,2019,26888,Automatic,12123,Diesel,145,32.8,2.0
 Shuttle,2018,22794,Semi-Auto,39828,Diesel,145,47.1,2.0
 Shuttle,2019,26990,Semi-Auto,11542,Diesel,150,32.8,2.0
 Shuttle,2019,26990,Automatic,10563,Diesel,145,32.8,2.0
 Shuttle,2018,20625,Semi-Auto,20677,Diesel,145,47.1,2.0
 Shuttle,2019,32950,Semi-Auto,5000,Diesel,150,32.8,2.0
 Shuttle,2019,34950,Semi-Auto,10000,Diesel,150,32.8,2.0
 Shuttle,2019,31950,Semi-Auto,10000,Diesel,150,32.8,2.0
 Shuttle,2019,27950,Semi-Auto,14818,Diesel,145,32.8,2.0
 Shuttle,2019,27950,Automatic,15132,Diesel,145,32.8,2.0
 Shuttle,2018,22750,Manual,31824,Diesel,145,47.1,2.0
 Shuttle,2019,28995,Semi-Auto,14028,Diesel,145,32.8,2.0
 Shuttle,2019,26994,Semi-Auto,11320,Diesel,150,32.8,2.0
 Shuttle,2018,26995,Semi-Auto,19652,Diesel,150,47.1,2.0
 Shuttle,2019,26490,Semi-Auto,12699,Diesel,145,32.8,2.0
 Shuttle,2019,27490,Semi-Auto,14568,Diesel,145,32.8,2.0
 Shuttle,2018,25500,Semi-Auto,33455,Diesel,145,47.1,2.0
 Shuttle,2019,32500,Semi-Auto,11514,Diesel,145,32.8,2.0
 Shuttle,2019,36995,Semi-Auto,12316,Diesel,145,32.8,2.0
 Shuttle,2019,29730,Semi-Auto,8605,Diesel,150,32.8,2.0
 Shuttle,2019,28000,Semi-Auto,10074,Diesel,145,32.8,2.0
 Shuttle,2019,26396,Semi-Auto,12746,Diesel,145,32.8,2.0
 Shuttle,2018,27994,Semi-Auto,16203,Diesel,145,47.1,2.0
 Shuttle,2014,16790,Manual,37158,Diesel,260,40.4,2.0
 Shuttle,2019,23489,Manual,925,Diesel,145,37.7,2.0
 Jetta,2015,9690,Manual,28120,Diesel,20,70.6,2.0
 Jetta,2014,7985,Manual,1,Diesel,20,67.3,1.6
 Jetta,2016,11795,Semi-Auto,39836,Diesel,30,62.8,2.0
 Jetta,2015,8498,Manual,59854,Diesel,20,67.3,2.0
 Jetta,2015,8995,Manual,48985,Diesel,20,70.6,2.0
 Jetta,2015,7498,Manual,69988,Diesel,20,70.6,2.0
 Jetta,2017,10495,Manual,15899,Diesel,20,67.3,2.0
 Jetta,2015,8495,Manual,84700,Diesel,20,67.3,2.0
 Jetta,2016,7995,Manual,73500,Diesel,20,70.6,2.0
 Jetta,2018,12995,Manual,11749,Diesel,145,70.6,2.0
 Jetta,2016,9995,Manual,57605,Diesel,20,67.3,2.0
 Jetta,2016,11495,Semi-Auto,19019,Diesel,30,62.8,2.0
 Jetta,2015,9298,Manual,20173,Diesel,20,67.3,2.0
 Jetta,2015,8000,Manual,42048,Diesel,20,67.3,2.0
 Jetta,2015,9990,Manual,26403,Diesel,20,67.3,2.0
 Jetta,2015,6999,Manual,65015,Diesel,20,70.6,2.0
 Jetta,2017,11490,Semi-Auto,12649,Petrol,150,55.4,1.4
 Jetta,2013,6891,Manual,48501,Diesel,20,67.3,1.6
 Jetta,2017,8852,Manual,69222,Diesel,145,67.3,2.0
 Jetta,2011,5995,Manual,60200,Diesel,125,58.9,2.0
 Jetta,2007,4450,Automatic,55000,Diesel,190,45.6,2.0
 Jetta,2017,11999,Automatic,11500,Diesel,145,67.3,2.0
 Jetta,2016,9899,Manual,36889,Diesel,20,70.6,2.0
 Jetta,2015,10000,Manual,29546,Diesel,20,67.3,2.0
 Jetta,2016,9466,Automatic,34567,Diesel,30,62.8,2.0
 Jetta,2014,9990,Automatic,28044,Diesel,145,53.3,2.0
 Jetta,2016,10990,Manual,30886,Diesel,20,67.3,2.0
 Jetta,2015,7999,Manual,35242,Diesel,20,70.6,2.0
 Jetta,2008,2295,Manual,111000,Diesel,155,48.7,2.0
 Jetta,2012,3995,Manual,110750,Diesel,20,67.3,1.6
 Jetta,2011,5480,Manual,10000,Diesel,20,67.3,1.6
 Jetta,2012,5995,Automatic,72000,Diesel,30,65.7,1.6
 CC,2014,9985,Manual,50342,Diesel,30,60.1,2.0
 CC,2015,12999,Semi-Auto,32878,Diesel,125,56.5,2.0
 CC,2014,9960,Semi-Auto,40348,Diesel,145,54.3,2.0
 CC,2015,9998,Manual,61090,Diesel,30,62.8,2.0
 CC,2014,9995,Semi-Auto,36221,Diesel,145,53.3,2.0
 CC,2015,17495,Semi-Auto,21700,Diesel,125,56.5,2.0
 CC,2013,9998,Manual,23255,Diesel,30,60.1,2.0
 CC,2014,10495,Manual,34566,Diesel,125,58.9,2.0
 CC,2014,9580,Semi-Auto,57954,Diesel,145,53.3,2.0
 CC,2014,8798,Manual,64650,Diesel,30,60.1,2.0
 CC,2014,10298,Semi-Auto,46961,Diesel,145,53.3,2.0
 CC,2016,12950,Semi-Auto,24500,Diesel,125,58.9,2.0
 CC,2015,9995,Manual,60687,Diesel,30,60.1,2.0
 CC,2016,10850,Manual,36700,Diesel,30,62.8,2.0
 CC,2015,11450,Semi-Auto,36040,Petrol,125,50.4,1.4
 CC,2016,12440,Manual,25501,Diesel,30,62.8,2.0
 CC,2015,10950,Manual,24571,Diesel,30,60.1,2.0
 CC,2016,12990,Semi-Auto,52276,Diesel,125,58.9,2.0
 CC,2015,10110,Semi-Auto,60717,Diesel,125,58.9,2.0
 CC,2014,7627,Manual,72719,Diesel,30,60.1,2.0
 CC,2015,10471,Semi-Auto,51268,Diesel,125,58.9,2.0
 CC,2016,10965,Manual,33017,Diesel,30,60.1,2.0
 CC,2016,15000,Semi-Auto,4289,Petrol,200,39.2,1.8
 CC,2016,11965,Semi-Auto,55000,Diesel,125,56.5,2.0
 CC,2013,9995,Manual,52000,Diesel,30,60.1,2.0
 CC,2014,10500,Manual,50400,Diesel,30,60.1,2.0
 CC,2015,8337,Manual,83009,Diesel,30,60.1,2.0
 CC,2016,15450,Semi-Auto,22080,Diesel,125,58.9,2.0
 CC,2017,12791,Manual,37353,Diesel,30,62.8,2.0
 CC,2013,9498,Manual,43067,Diesel,125,58.9,2.0
 CC,2015,11292,Manual,36602,Diesel,30,62.8,2.0
 CC,2016,10999,Semi-Auto,39416,Diesel,125,56.5,2.0
 CC,2016,13495,Semi-Auto,33810,Diesel,125,56.5,2.0
 CC,2013,7820,Manual,62541,Diesel,30,60.1,2.0
 CC,2016,14795,Semi-Auto,11452,Petrol,205,39.2,1.8
 CC,2016,14302,Semi-Auto,13841,Petrol,200,39.2,1.8
 CC,2015,8998,Manual,84932,Diesel,30,60.1,2.0
 CC,2015,13892,Semi-Auto,30484,Diesel,125,56.5,2.0
 CC,2015,7957,Manual,82710,Diesel,30,60.1,2.0
 CC,2016,11250,Semi-Auto,29000,Diesel,150,53.3,2.0
 CC,2015,9950,Semi-Auto,72098,Diesel,125,58.9,2.0
 CC,2013,8999,Semi-Auto,55518,Diesel,145,53.3,2.0
 CC,2017,15490,Semi-Auto,17955,Diesel,125,58.9,2.0
 CC,2014,7991,Manual,81267,Diesel,30,60.1,2.0
 CC,2014,8790,Semi-Auto,60987,Diesel,145,53.3,2.0
 CC,2016,12890,Semi-Auto,43308,Diesel,145,54.3,2.0
 CC,2015,9995,Semi-Auto,54231,Diesel,150,53.3,2.0
 CC,2013,7970,Manual,79303,Diesel,30,60.1,2.0
 CC,2016,12999,Manual,14652,Petrol,145,49.6,1.4
 CC,2016,13995,Manual,25500,Diesel,30,62.8,2.0
 CC,2013,8250,Manual,72000,Diesel,125,58.9,2.0
 CC,2014,9295,Manual,76705,Diesel,30,60.1,2.0
 CC,2015,9225,Manual,68539,Diesel,30,62.8,2.0
 CC,2015,10775,Semi-Auto,56508,Diesel,145,54.3,2.0
 CC,2016,13300,Manual,18141,Diesel,30,62.8,2.0
 CC,2013,7990,Manual,74000,Diesel,30,60.1,2.0
 CC,2013,10500,Manual,30000,Diesel,30,60.1,2.0
 CC,2015,11715,Automatic,34291,Diesel,145,53.3,2.0
 CC,2017,13499,Manual,20405,Diesel,30,62.8,2.0
 CC,2013,9680,Automatic,41858,Diesel,145,54.3,2.0
 CC,2014,9999,Automatic,61063,Diesel,145,53.3,2.0
 CC,2016,11440,Automatic,74360,Diesel,125,56.5,2.0
 CC,2012,6895,Manual,84303,Diesel,30,60.1,2.0
 CC,2015,8688,Manual,90204,Diesel,30,62.8,2.0
 CC,2016,9588,Automatic,89603,Diesel,125,58.9,2.0
 CC,2016,8888,Automatic,108808,Diesel,125,58.9,2.0
 CC,2013,8380,Manual,66559,Diesel,30,60.1,2.0
 CC,2013,7345,Manual,69811,Diesel,30,60.1,2.0
 CC,2016,11549,Automatic,48488,Diesel,125,58.9,2.0
 CC,2016,10712,Automatic,54355,Diesel,125,58.9,2.0
 CC,2016,12290,Automatic,41044,Diesel,125,58.9,2.0
 CC,2015,9000,Manual,68345,Diesel,30,62.8,2.0
 CC,2016,12700,Automatic,35034,Diesel,125,58.9,2.0
 CC,2017,14000,Automatic,27000,Diesel,125,58.9,2.0
 CC,2016,10000,Manual,74194,Diesel,125,55.4,2.0
 CC,2012,6799,Manual,91808,Diesel,30,60.1,2.0
 CC,2012,7995,Manual,58000,Diesel,30,60.1,2.0
 CC,2013,8847,Automatic,70757,Diesel,145,53.3,2.0
 CC,2015,9301,Manual,61119,Diesel,30,60.1,2.0
 CC,2015,10000,Automatic,70920,Diesel,145,54.3,2.0
 CC,2016,11499,Manual,18229,Petrol,160,44.8,1.4
 CC,2016,11495,Automatic,53555,Diesel,125,58.9,2.0
 CC,2016,11389,Automatic,44807,Diesel,125,58.9,2.0
 CC,2014,12400,Manual,11980,Diesel,125,58.9,2.0
 CC,2014,9450,Manual,56241,Diesel,30,60.1,2.0
 CC,2013,8399,Manual,33305,Diesel,125,60.1,2.0
 CC,2016,10329,Automatic,75387,Diesel,125,58.9,2.0
 CC,2014,11000,Automatic,45755,Diesel,150,53.3,2.0
 CC,2016,13000,Manual,19000,Diesel,30,62.8,2.0
 CC,2011,7440,Automatic,74000,Diesel,150,53.3,2.0
 CC,2016,12500,Automatic,32925,Diesel,125,58.9,2.0
 CC,2013,10000,Automatic,41394,Diesel,145,53.3,2.0
 CC,2012,6695,Manual,98000,Diesel,30,60.1,2.0
 CC,2015,10500,Automatic,47637,Diesel,125,58.9,2.0
 CC,2013,8791,Manual,46000,Petrol,200,39.8,1.8
 California,2019,55999,Automatic,8783,Diesel,260,32.1,2.0
 California,2019,56995,Semi-Auto,8991,Diesel,260,33.2,2.0
 California,2019,52995,Manual,12895,Diesel,260,44.1,2.0
 California,2019,54995,Semi-Auto,3500,Diesel,260,32.1,2.0
 California,2020,61995,Semi-Auto,1000,Diesel,260,32.1,2.0
 California,2018,54999,Automatic,7865,Diesel,260,44.1,2.0
 California,2019,69994,Semi-Auto,3544,Diesel,260,29.1,2.0
 California,2019,54999,Automatic,10501,Diesel,265,32.1,2.0
 California,2019,52991,Automatic,7750,Diesel,260,32.1,2.0
 California,2019,57991,Automatic,4653,Diesel,260,33.2,2.0
 California,2019,57991,Automatic,10288,Diesel,260,33.2,2.0
 California,2019,57991,Automatic,6739,Diesel,260,33.2,2.0
 California,2019,57991,Automatic,7259,Diesel,260,33.2,2.0
 California,2019,57991,Automatic,7486,Diesel,260,33.2,2.0
 California,2019,57991,Automatic,10080,Diesel,260,29.1,2.0
 Caddy Life,2017,15998,Semi-Auto,20123,Diesel,145,55.4,2.0
 Caddy Life,2017,19995,Manual,15860,Petrol,145,56.5,2.0
 Caddy Life,2020,22000,Manual,1700,Diesel,150,51.4,2.0
 Caddy Life,2020,16995,Manual,1724,Diesel,145,47.9,2.0
 Caddy Life,2017,14990,Manual,15986,Diesel,145,60.1,2.0
 Caddy Life,2019,17995,Manual,2156,Diesel,150,51.4,2.0
 Caddy Life,2013,11495,Semi-Auto,27000,Diesel,165,49.6,1.6
 Caddy Life,2019,19995,Automatic,3000,Diesel,145,47.9,2.0
 Caddy,2015,12490,Manual,54641,Diesel,265,60.1,2.0
 Caddy,2015,13590,Manual,45500,Diesel,160,49.6,2.0
 Caddy,2016,11999,Automatic,59523,Diesel,145,55.4,2.0
 Caddy,2012,9995,Manual,26142,Diesel,200,48.7,1.6
 Caddy,2017,15995,Automatic,25797,Diesel,145,55.4,2.0
 Caddy,2016,12995,Manual,20688,Diesel,125,60.1,2.0
 Caddy Maxi,2015,9995,Semi-Auto,66000,Diesel,200,48.7,1.6
 Caddy Maxi,2012,9995,Semi-Auto,53000,Diesel,200,48.7,1.6
 Caddy Maxi,2015,9949,Automatic,93113,Diesel,160,52.3,1.6
 Caddy Maxi,2017,15950,Semi-Auto,25510,Diesel,145,56.5,2.0
 Eos,2011,7195,Manual,43000,Petrol,185,41.5,1.4
 Eos,2008,4995,Manual,65000,Diesel,195,48.0,2.0
 Eos,2008,3695,Automatic,127000,Petrol,280,34.5,2.0
 Eos,2015,12495,Manual,41850,Diesel,125,58.9,2.0
 Eos,2014,8950,Manual,58000,Diesel,125,58.9,2.0
 Eos,2006,2995,Manual,92640,Diesel,200,48.0,2.0
 Eos,2012,5990,Manual,74000,Diesel,125,58.9,2.0
 Fox,2008,1799,Manual,88102,Petrol,145,46.3,1.2
 Fox,2009,1590,Manual,70000,Petrol,200,42.0,1.4
 Fox,2006,1250,Manual,82704,Petrol,150,46.3,1.2
 Fox,2007,2295,Manual,74000,Petrol,145,46.3,1.2
 Amarok,2019,36995,Automatic,1956,Diesel,260,33.6,3.0
 Amarok,2015,17995,Automatic,38138,Diesel,260,35.3,2.0
 Amarok,2015,18595,Automatic,22743,Diesel,260,35.3,2.0
 Amarok,2018,23500,Automatic,35000,Diesel,260,36.2,3.0
 Amarok,2017,23900,Automatic,23800,Diesel,265,36.2,3.0
 Amarok,2015,16498,Automatic,49555,Diesel,260,35.3,2.0
 Amarok,2016,16998,Automatic,29218,Diesel,260,35.3,2.0
 Amarok,2018,22788,Manual,5655,Diesel,260,32.5,3.0
 Amarok,2016,15990,Manual,48638,Diesel,260,35.3,2.0
 Amarok,2019,33995,Automatic,3500,Diesel,260,28.3,3.0
 Amarok,2019,31495,Automatic,10000,Diesel,260,33.6,3.0
 Amarok,2015,17995,Automatic,32800,Diesel,260,35.3,2.0
 Amarok,2019,28995,Manual,800,Diesel,260,32.5,3.0
 Amarok,2013,14888,Manual,46725,Diesel,260,35.3,2.0
 Amarok,2019,32888,Automatic,12023,Diesel,260,28.3,3.0
 Amarok,2019,31995,Automatic,2569,Diesel,260,33.6,3.0
 Amarok,2015,15490,Manual,45325,Diesel,260,35.3,2.0
 Amarok,2017,23990,Automatic,51214,Diesel,260,36.2,3.0
 Amarok,2018,26990,Automatic,29771,Diesel,260,36.2,3.0
 Amarok,2019,34490,Automatic,8380,Diesel,260,33.6,3.0
 Amarok,2019,36990,Automatic,200,Diesel,260,28.3,3.0
 Amarok,2019,34490,Automatic,8500,Diesel,260,33.6,3.0
 Amarok,2019,27990,Automatic,16898,Diesel,260,33.6,3.0
 Amarok,2019,36990,Automatic,12500,Diesel,260,36.2,3.0
 Amarok,2017,23990,Automatic,28347,Diesel,260,36.2,3.0
 Amarok,2019,27990,Automatic,19841,Diesel,265,33.6,3.0
 Amarok,2019,32990,Automatic,6317,Diesel,260,33.6,3.0
 Amarok,2018,22990,Automatic,20811,Diesel,260,36.2,3.0
 Amarok,2018,22990,Automatic,18906,Diesel,265,36.2,3.0
 Amarok,2015,14995,Manual,73000,Diesel,260,35.3,2.0
 Amarok,2019,32290,Automatic,5000,Diesel,260,33.6,3.0
 Amarok,2019,38990,Automatic,8500,Diesel,260,27.7,3.0
 Amarok,2019,35990,Automatic,8000,Diesel,260,33.6,3.0
 Amarok,2018,26990,Automatic,24000,Diesel,260,36.2,3.0
 Amarok,2015,17990,Automatic,39267,Diesel,260,35.3,2.0
 Amarok,2019,36995,Automatic,6000,Diesel,260,28.3,3.0
 Amarok,2019,35995,Automatic,10000,Diesel,260,33.6,3.0
 Amarok,2019,43995,Automatic,9893,Diesel,260,27.7,3.0
 Amarok,2020,44980,Automatic,10000,Diesel,265,27.7,3.0
 Amarok,2018,27295,Automatic,6200,Diesel,260,36.2,3.0
 Amarok,2020,30995,Automatic,4500,Diesel,260,36.2,3.0
 Amarok,2020,33495,Automatic,3602,Diesel,260,33.6,3.0
 Amarok,2019,37495,Automatic,7500,Diesel,265,28.3,3.0
 Amarok,2019,32990,Automatic,12589,Diesel,260,33.6,3.0
 Amarok,2019,29990,Automatic,9222,Diesel,260,33.6,3.0
 Amarok,2019,39990,Automatic,5648,Diesel,260,33.6,3.0
 Amarok,2019,34900,Automatic,6898,Diesel,260,33.6,3.0
 Amarok,2019,36990,Automatic,1120,Diesel,260,33.6,3.0
 Amarok,2019,35995,Automatic,5466,Diesel,265,33.6,3.0
 Amarok,2017,25995,Automatic,25624,Diesel,260,36.2,3.0
 Amarok,2016,16995,Automatic,58349,Diesel,260,35.3,2.0
 Amarok,2020,34995,Automatic,5000,Diesel,265,33.6,3.0
 Amarok,2019,35000,Automatic,7504,Diesel,260,28.3,3.0
 Amarok,2017,22795,Automatic,39408,Diesel,260,36.2,3.0
 Amarok,2018,29994,Automatic,11625,Diesel,265,33.6,3.0
 Amarok,2018,30995,Automatic,23371,Diesel,265,36.2,3.0
 Amarok,2019,35899,Automatic,1854,Diesel,260,33.6,3.0
 Amarok,2014,14990,Manual,60000,Diesel,260,35.3,2.0
 Amarok,2019,30700,Automatic,6822,Diesel,260,33.6,3.0
 Amarok,2019,31350,Automatic,3997,Diesel,260,33.6,3.0
 Amarok,2016,18850,Automatic,32990,Diesel,260,35.3,2.0
 Amarok,2018,26880,Automatic,18397,Diesel,260,36.2,3.0
 Amarok,2020,37000,Automatic,10,Diesel,260,28.3,3.0
 Amarok,2018,32000,Automatic,5673,Diesel,260,33.6,3.0
 Amarok,2016,15991,Automatic,46000,Diesel,265,35.3,2.0
 Amarok,2019,28991,Automatic,18000,Diesel,265,28.3,3.0
 Amarok,2019,26991,Automatic,21746,Diesel,265,33.6,3.0
 Amarok,2019,27000,Automatic,25221,Diesel,260,33.6,3.0
 Amarok,2019,30000,Automatic,8500,Diesel,260,28.3,3.0
 Amarok,2017,26000,Automatic,22000,Diesel,260,36.2,3.0
 Amarok,2018,26000,Automatic,31000,Diesel,260,36.2,3.0
 Amarok,2019,30000,Automatic,6900,Diesel,260,33.6,3.0
 Amarok,2019,37995,Automatic,7583,Diesel,260,28.3,3.0
 Amarok,2019,28995,Automatic,10,Diesel,260,28.3,3.0
 Amarok,2017,23495,Automatic,37683,Diesel,260,36.2,3.0
 Amarok,2016,16500,Automatic,41978,Diesel,260,35.3,2.0
 Amarok,2015,12995,Automatic,97834,Diesel,260,35.3,2.0
 Amarok,2015,15995,Manual,38000,Diesel,260,35.3,2.0
 Amarok,2018,27895,Automatic,20000,Diesel,265,36.2,3.0
 Tiguan Allspace,2019,26998,Semi-Auto,4814,Diesel,150,39.2,2.0
 Tiguan Allspace,2019,30785,Semi-Auto,10,Petrol,145,35.8,1.5
 Tiguan Allspace,2020,35490,Semi-Auto,2500,Petrol,145,30.7,2.0
 Tiguan Allspace,2019,33790,Semi-Auto,5000,Diesel,145,38.7,2.0
 Tiguan Allspace,2019,33290,Semi-Auto,3500,Diesel,145,38.7,2.0
 Tiguan Allspace,2019,24998,Manual,94,Petrol,150,36.2,1.5
 Tiguan Allspace,2018,22999,Semi-Auto,33784,Diesel,145,47.9,2.0
 Tiguan Allspace,2018,24495,Semi-Auto,15979,Diesel,150,47.9,2.0
 Tiguan Allspace,2019,26498,Manual,39,Petrol,145,36.2,1.5
 Tiguan Allspace,2018,25498,Semi-Auto,7198,Diesel,150,47.9,2.0
 Tiguan Allspace,2019,24989,Semi-Auto,8268,Petrol,145,35.8,1.5
 Tiguan Allspace,2019,27989,Automatic,4635,Diesel,145,38.7,2.0
 Tiguan Allspace,2019,24998,Manual,53,Petrol,150,36.2,1.5
 Tiguan Allspace,2019,29491,Automatic,4000,Diesel,145,38.7,2.0
 Tiguan Allspace,2019,28995,Semi-Auto,19,Diesel,145,44.1,2.0
 Tiguan Allspace,2019,28991,Semi-Auto,9023,Diesel,150,47.9,2.0
 Tiguan Allspace,2019,27750,Automatic,10009,Diesel,145,44.1,2.0
 Tiguan Allspace,2019,28965,Automatic,6750,Diesel,145,39.2,2.0
 Tiguan Allspace,2020,36999,Semi-Auto,6000,Diesel,145,38.7,2.0
 Tiguan Allspace,2019,23999,Semi-Auto,16654,Diesel,145,39.2,2.0
 Tiguan Allspace,2019,26199,Semi-Auto,8181,Diesel,145,39.2,2.0
 Tiguan Allspace,2019,25495,Manual,3033,Diesel,145,46.3,2.0
 Tiguan Allspace,2018,21750,Semi-Auto,29979,Diesel,145,55.4,2.0
 Tiguan Allspace,2019,29990,Semi-Auto,2001,Diesel,145,39.2,2.0
 Tiguan Allspace,2019,30990,Automatic,5295,Diesel,145,38.7,2.0
 Tiguan Allspace,2019,32201,Semi-Auto,1473,Petrol,150,35.8,1.5
 Tiguan Allspace,2018,26350,Semi-Auto,5434,Diesel,145,43.5,2.0
 Tiguan Allspace,2019,27766,Automatic,4181,Petrol,145,35.8,1.5
 Tiguan Allspace,2019,30737,Automatic,5077,Diesel,145,39.2,2.0
 Tiguan Allspace,2019,32727,Automatic,4235,Diesel,145,38.7,2.0
 Tiguan Allspace,2019,28242,Semi-Auto,1633,Petrol,150,35.8,1.5
 Tiguan Allspace,2019,32950,Semi-Auto,2678,Diesel,145,44.1,2.0
 Tiguan Allspace,2020,32472,Semi-Auto,6000,Diesel,145,38.7,2.0
 Tiguan Allspace,2019,31113,Automatic,4647,Petrol,145,30.7,2.0
 Tiguan Allspace,2019,30895,Semi-Auto,5900,Diesel,145,38.7,2.0
 Tiguan Allspace,2018,21995,Manual,35000,Diesel,145,49.6,2.0
 Tiguan Allspace,2019,23495,Manual,9000,Petrol,145,46.3,2.0
 Tiguan Allspace,2019,24500,Manual,4487,Diesel,145,46.3,2.0
 Tiguan Allspace,2019,32493,Automatic,6644,Petrol,145,30.7,2.0
 Tiguan Allspace,2019,32990,Automatic,8963,Diesel,145,39.2,2.0
 Tiguan Allspace,2019,31490,Automatic,8708,Petrol,145,30.7,2.0
 Tiguan Allspace,2019,35990,Automatic,5000,Diesel,145,34.9,2.0
 Tiguan Allspace,2019,29990,Semi-Auto,6515,Petrol,145,35.8,1.5
 Tiguan Allspace,2020,37490,Semi-Auto,3889,Diesel,145,38.7,2.0
 Golf SV,2017,12790,Semi-Auto,20847,Petrol,30,54.3,1.4
 Golf SV,2014,9495,Manual,38046,Petrol,30,55.4,1.4
 Golf SV,2015,8800,Manual,38152,Diesel,0,72.4,1.6
 Golf SV,2019,21790,Semi-Auto,2500,Petrol,145,42.8,1.5
 Golf SV,2018,17695,Manual,9848,Petrol,145,55.4,1.5
 Golf SV,2019,23998,Manual,10,Petrol,150,43.5,1.5
 Golf SV,2018,14690,Manual,13593,Petrol,145,55.4,1.5
 Golf SV,2019,20610,Automatic,5370,Diesel,145,50.4,2.0
 Golf SV,2019,19360,Semi-Auto,4401,Diesel,145,50.4,2.0
 Golf SV,2019,20610,Semi-Auto,5370,Diesel,145,50.4,2.0
 Golf SV,2019,19360,Semi-Auto,4401,Diesel,145,50.4,2.0
 Golf SV,2015,9995,Manual,50642,Diesel,30,65.7,2.0
 Golf SV,2018,13998,Semi-Auto,9612,Petrol,145,54.3,1.4
 Golf SV,2020,22995,Semi-Auto,1734,Diesel,150,50.4,1.6
 Golf SV,2017,12950,Manual,19231,Petrol,30,55.4,1.4
 Golf SV,2018,15990,Semi-Auto,26500,Petrol,145,54.3,1.5
 Golf SV,2019,23498,Semi-Auto,10,Diesel,145,52.3,2.0
 Golf SV,2019,21998,Semi-Auto,10,Petrol,145,42.8,1.5
 Golf SV,2019,23998,Semi-Auto,10,Diesel,145,50.4,2.0
 Golf SV,2018,14498,Manual,906,Petrol,145,56.5,1.0
 Golf SV,2019,22798,Manual,10,Petrol,145,43.5,1.5
 Golf SV,2018,17498,Semi-Auto,1303,Petrol,145,55.4,1.5
 Golf SV,2019,23998,Semi-Auto,9,Diesel,145,50.4,2.0
 Golf SV,2016,8695,Manual,48766,Diesel,0,72.4,1.6
 Golf SV,2016,10420,Manual,18150,Diesel,0,72.4,1.6
 Golf SV,2019,14998,Semi-Auto,19444,Diesel,145,52.3,1.6
 Golf SV,2016,10298,Manual,29441,Diesel,0,72.4,1.6
 Golf SV,2017,11495,Manual,15265,Diesel,145,70.6,1.6
 Golf SV,2019,22798,Manual,10,Petrol,145,43.5,1.5
 Golf SV,2019,15995,Manual,2506,Petrol,145,47.1,1.0
 Golf SV,2019,16995,Manual,1353,Petrol,145,47.1,1.0
 Golf SV,2019,23998,Semi-Auto,10,Diesel,145,50.4,2.0
 Golf SV,2019,21998,Semi-Auto,10,Petrol,145,42.8,1.5
 Golf SV,2017,11998,Manual,14562,Petrol,150,55.4,1.4
 Golf SV,2016,9898,Manual,29720,Diesel,0,72.4,1.6
 Golf SV,2018,16498,Manual,7207,Petrol,145,43.5,1.5
 Golf SV,2018,14998,Manual,7834,Petrol,145,55.4,1.5
 Golf SV,2019,17950,Manual,100,Petrol,145,0.3,1.0
 Golf SV,2017,15489,Semi-Auto,11635,Petrol,150,54.3,1.4
 Golf SV,2016,13489,Semi-Auto,15452,Petrol,30,54.3,1.4
 Golf SV,2019,17500,Manual,1379,Petrol,145,45.6,1.5
 Golf SV,2019,16998,Manual,2493,Petrol,145,45.6,1.5
 Golf SV,2016,11998,Manual,29497,Petrol,125,50.4,1.4
 Golf SV,2019,18298,Semi-Auto,3943,Petrol,145,42.2,1.5
 Golf SV,2017,10998,Manual,14277,Diesel,20,70.6,1.6
 Golf SV,2020,23495,Semi-Auto,99,Petrol,150,42.8,1.5
 Golf SV,2019,20995,Manual,99,Diesel,145,55.4,1.6
 Golf SV,2016,9890,Manual,25722,Diesel,0,72.4,1.6
 Golf SV,2018,14495,Manual,10090,Petrol,145,55.4,1.5
 Golf SV,2017,12995,Manual,14742,Petrol,30,55.4,1.4
 Golf SV,2019,20295,Manual,9999,Diesel,145,55.4,1.6
 Golf SV,2016,9000,Manual,51438,Diesel,0,72.4,1.6
 Golf SV,2017,12180,Semi-Auto,29145,Petrol,30,54.3,1.4
 Golf SV,2015,8995,Manual,68826,Diesel,30,65.7,2.0
 Golf SV,2016,10798,Manual,16107,Diesel,0,72.4,1.6
 Golf SV,2016,8999,Manual,51438,Diesel,0,72.4,1.6
 Golf SV,2016,12995,Manual,7020,Petrol,30,55.4,1.4
 Golf SV,2019,17999,Manual,5000,Diesel,145,55.4,1.6
 Golf SV,2016,10827,Manual,21241,Petrol,30,55.4,1.4
 Golf SV,2017,13995,Semi-Auto,27500,Petrol,30,54.3,1.4
 Golf SV,2017,10995,Manual,37532,Petrol,30,55.4,1.4
 Golf SV,2018,14980,Semi-Auto,4020,Petrol,145,47.9,1.0
 Golf SV,2018,15280,Manual,7140,Petrol,145,55.4,1.5
 Golf SV,2017,13465,Manual,16539,Diesel,30,65.7,2.0
 Golf SV,2019,21999,Automatic,1001,Petrol,145,42.8,1.5
 Golf SV,2018,14999,Semi-Auto,18622,Petrol,145,55.4,1.5
 Golf SV,2019,22995,Automatic,3000,Petrol,145,43.5,1.5
 Golf SV,2020,19999,Manual,2000,Petrol,145,45.6,1.5
 Golf SV,2019,17995,Manual,3223,Petrol,145,43.5,1.5
 Golf SV,2018,17500,Semi-Auto,12500,Petrol,145,54.3,1.5
 Golf SV,2016,9495,Manual,49148,Diesel,0,72.4,1.6
 Golf SV,2015,10495,Manual,25082,Diesel,0,72.4,1.6
 Golf SV,2017,12399,Manual,12312,Petrol,30,55.4,1.4
 Golf SV,2014,7890,Semi-Auto,61617,Diesel,20,70.6,1.6
 Golf SV,2019,19990,Semi-Auto,6347,Petrol,145,42.8,1.5
 Golf SV,2016,10141,Manual,37470,Petrol,30,55.4,1.4
 Golf SV,2020,22000,Semi-Auto,5,Petrol,145,42.8,1.5
 Golf SV,2017,12792,Manual,17944,Petrol,145,55.4,1.4
 Golf SV,2019,17990,Manual,5212,Diesel,145,55.4,1.6
 Golf SV,2016,8812,Manual,46021,Diesel,0,72.4,1.6
 Golf SV,2019,18876,Semi-Auto,3679,Petrol,145,43.5,1.0
 Golf SV,2014,7551,Manual,58311,Diesel,0,72.4,1.6
 Golf SV,2020,24995,Semi-Auto,2000,Petrol,150,42.2,1.5
 Golf SV,2016,13298,Semi-Auto,12753,Petrol,30,54.3,1.4
 Golf SV,2016,10999,Manual,25103,Diesel,30,65.7,2.0
 Golf SV,2018,19072,Semi-Auto,8980,Petrol,145,42.2,1.5
 Golf SV,2019,20640,Semi-Auto,5505,Petrol,145,42.8,1.5
 Golf SV,2020,22733,Semi-Auto,500,Petrol,145,42.8,1.5
 Golf SV,2019,20297,Semi-Auto,7294,Petrol,145,42.8,1.5
 Golf SV,2015,9342,Manual,41000,Diesel,30,65.7,2.0
 Golf SV,2019,20014,Semi-Auto,11126,Petrol,145,42.2,1.5
 Golf SV,2020,22490,Semi-Auto,941,Petrol,145,42.8,1.5
 Golf SV,2019,19490,Manual,6558,Diesel,145,53.3,1.6
 Golf SV,2017,10298,Semi-Auto,50845,Diesel,20,70.6,1.6
 Golf SV,2019,21691,Semi-Auto,2987,Petrol,145,42.2,1.5
 Golf SV,2019,17490,Manual,6527,Petrol,145,43.5,1.5
 Golf SV,2015,10260,Semi-Auto,12532,Diesel,20,70.6,1.6
 Golf SV,2018,17991,Semi-Auto,1986,Petrol,150,43.5,1.0
 Golf SV,2016,11987,Automatic,27408,Petrol,30,54.3,1.4
 Golf SV,2019,20500,Automatic,5784,Petrol,145,42.8,1.5
 Golf SV,2017,11991,Manual,35195,Petrol,145,55.4,1.4
 Golf SV,2016,12472,Manual,18681,Diesel,30,65.7,2.0
 Golf SV,2016,10999,Manual,33412,Petrol,30,55.4,1.4
 Golf SV,2017,10998,Manual,45715,Petrol,30,55.4,1.4
 Golf SV,2019,25498,Semi-Auto,11,Diesel,145,50.4,2.0
 Golf SV,2019,18495,Manual,2600,Diesel,145,55.4,1.6
 Golf SV,2016,10995,Manual,58137,Petrol,125,50.4,1.4
 Golf SV,2020,18990,Manual,1000,Petrol,145,45.6,1.5
 Golf SV,2015,9812,Manual,19662,Diesel,0,72.4,1.6
 Golf SV,2017,13701,Semi-Auto,9200,Petrol,145,54.3,1.4
 Golf SV,2015,10401,Manual,36500,Petrol,30,55.4,1.4
 Golf SV,2015,10113,Automatic,47980,Petrol,125,54.3,1.4
 Golf SV,2019,20890,Automatic,4950,Petrol,145,44.1,1.5
 Golf SV,2016,11698,Manual,12704,Petrol,30,55.4,1.4
 Golf SV,2019,24998,Manual,44,Petrol,145,43.5,1.5
 Golf SV,2019,20490,Automatic,50,Petrol,145,42.8,1.5
 Golf SV,2016,10695,Manual,44556,Petrol,30,55.4,1.4
 Golf SV,2019,22250,Semi-Auto,50,Petrol,145,42.8,1.5
 Golf SV,2015,9163,Manual,43602,Petrol,30,55.4,1.4
 Golf SV,2019,22390,Semi-Auto,2871,Petrol,145,42.8,1.5
 Golf SV,2018,14495,Manual,20508,Petrol,145,55.4,1.5
 Golf SV,2017,12995,Manual,19563,Petrol,145,55.4,1.4
 Golf SV,2019,21490,Automatic,5500,Diesel,145,52.3,2.0
 Golf SV,2016,10990,Semi-Auto,42314,Petrol,125,54.3,1.4
 Golf SV,2019,18995,Automatic,2336,Petrol,145,45.6,1.5
 Golf SV,2018,15391,Manual,11326,Petrol,145,55.4,1.5
 Golf SV,2017,13568,Semi-Auto,21519,Petrol,145,54.3,1.4
 Golf SV,2019,21790,Semi-Auto,6637,Diesel,145,52.3,2.0
 Golf SV,2016,7940,Manual,68508,Diesel,30,65.7,2.0
 Golf SV,2019,19290,Semi-Auto,6069,Petrol,145,42.2,1.5
 Golf SV,2016,11490,Manual,26027,Petrol,30,55.4,1.4
 Golf SV,2019,16195,Manual,1966,Diesel,145,55.4,1.6
 Golf SV,2019,17290,Manual,6811,Petrol,145,45.6,1.5
 Golf SV,2019,20190,Semi-Auto,5976,Petrol,145,42.2,1.5
 Golf SV,2017,12990,Semi-Auto,19889,Diesel,30,60.1,2.0
 Golf SV,2015,12490,Manual,41000,Petrol,125,50.4,1.4
 Golf SV,2019,20490,Automatic,5492,Diesel,145,52.3,2.0
 Golf SV,2016,12499,Semi-Auto,11817,Diesel,20,70.6,1.6
 Golf SV,2017,13950,Manual,21121,Petrol,125,50.4,1.4
 Golf SV,2018,17250,Semi-Auto,7729,Petrol,145,54.3,1.5
 Golf SV,2019,17450,Manual,55,Diesel,145,55.4,1.6
 Golf SV,2017,11950,Manual,16806,Petrol,30,55.4,1.4
 Golf SV,2015,9450,Semi-Auto,15914,Diesel,20,70.6,1.6
 Golf SV,2016,10450,Manual,35000,Petrol,30,55.4,1.4
 Golf SV,2019,18756,Semi-Auto,3692,Petrol,145,43.5,1.0
 Golf SV,2016,7797,Manual,57950,Diesel,0,72.4,1.6
 Golf SV,2016,10488,Semi-Auto,52000,Petrol,30,54.3,1.4
 Golf SV,2019,21980,Automatic,2500,Petrol,145,44.1,1.5
 Golf SV,2020,22980,Semi-Auto,4,Petrol,145,42.8,1.5
 Golf SV,2019,17480,Semi-Auto,2533,Petrol,145,45.6,1.5
 Golf SV,2017,15250,Semi-Auto,36700,Petrol,145,50.4,1.4
 Golf SV,2019,20000,Semi-Auto,3500,Petrol,145,42.8,1.5
 Golf SV,2015,12000,Automatic,26056,Petrol,125,54.3,1.4
 Golf SV,2019,18490,Manual,2632,Petrol,145,49.6,1.5
 Golf SV,2016,13990,Semi-Auto,28890,Petrol,125,50.4,1.4
 Golf SV,2020,22480,Manual,910,Petrol,145,43.5,1.5
 Golf SV,2019,19480,Semi-Auto,6923,Petrol,145,44.1,1.5
 Golf SV,2019,20650,Semi-Auto,3911,Diesel,145,61.4,2.0
 Golf SV,2018,16250,Semi-Auto,26000,Petrol,145,55.4,1.5
 Golf SV,2019,23990,Automatic,6000,Petrol,145,42.8,1.5
 Golf SV,2017,11990,Manual,28656,Petrol,150,55.4,1.4
 Golf SV,2019,17890,Manual,4807,Petrol,145,45.6,1.5
 Golf SV,2019,16981,Manual,23,Diesel,145,54.3,1.6
 Golf SV,2019,21331,Semi-Auto,578,Petrol,145,42.8,1.5
 Golf SV,2019,21201,Semi-Auto,68,Petrol,145,42.8,1.5
 Golf SV,2019,21781,Semi-Auto,3228,Petrol,145,45.6,1.5
 Golf SV,2019,18391,Semi-Auto,6591,Petrol,150,45.6,1.5
 Golf SV,2019,18716,Automatic,3140,Diesel,145,50.4,2.0
 Golf SV,2019,19999,Semi-Auto,4382,Petrol,150,43.5,1.5
 Golf SV,2018,15999,Manual,8668,Petrol,150,55.4,1.5
 Golf SV,2019,22950,Semi-Auto,8000,Petrol,145,42.2,1.5
 Golf SV,2015,9500,Manual,41500,Diesel,0,72.4,1.6
 Golf SV,2014,10390,Semi-Auto,30500,Petrol,125,54.3,1.4
 Golf SV,2019,16750,Manual,2369,Diesel,145,55.4,1.6
 Golf SV,2015,9290,Manual,29816,Diesel,0,72.4,1.6
 Golf SV,2015,11290,Semi-Auto,32280,Diesel,125,65.7,2.0
 Golf SV,2019,17790,Manual,3834,Petrol,145,45.6,1.5
 Golf SV,2019,19290,Semi-Auto,4628,Diesel,145,50.4,2.0
 Golf SV,2018,17686,Semi-Auto,9084,Petrol,145,54.3,1.5
 Golf SV,2019,20490,Automatic,4998,Petrol,145,42.8,1.5
 Golf SV,2019,17490,Manual,393,Diesel,145,55.4,1.6
 Golf SV,2020,21491,Semi-Auto,2133,Petrol,150,42.8,1.5
 Golf SV,2014,10292,Semi-Auto,41451,Petrol,125,54.3,1.4
 Golf SV,2019,19490,Semi-Auto,3939,Petrol,145,45.6,1.5
 Golf SV,2019,20490,Semi-Auto,1000,Petrol,145,42.8,1.5
 Golf SV,2018,13990,Manual,11915,Petrol,150,56.5,1.0
 Golf SV,2018,18900,Semi-Auto,2500,Petrol,145,55.4,1.5
 Golf SV,2018,18490,Automatic,4588,Petrol,145,42.2,1.5
 Golf SV,2017,12791,Manual,11448,Petrol,150,55.4,1.4
 Golf SV,2019,22990,Semi-Auto,6000,Petrol,145,42.2,1.5
 Golf SV,2017,14995,Semi-Auto,4985,Petrol,145,54.3,1.4
 Golf SV,2015,9995,Manual,23501,Diesel,0,72.4,1.6
 Golf SV,2019,20995,Manual,1700,Diesel,145,53.3,1.6
 Golf SV,2017,13290,Manual,21511,Diesel,150,65.7,2.0
 Golf SV,2017,13185,Semi-Auto,20800,Petrol,30,54.3,1.4
 Golf SV,2018,17491,Semi-Auto,10000,Petrol,145,55.4,1.5
 Golf SV,2019,19995,Semi-Auto,9300,Diesel,145,50.4,2.0
 Golf SV,2016,13680,Semi-Auto,5397,Petrol,30,54.3,1.4
 Golf SV,2019,18999,Manual,4351,Diesel,145,55.4,1.6
 Golf SV,2020,22990,Semi-Auto,1348,Petrol,145,42.2,1.5
 Golf SV,2019,19495,Semi-Auto,4500,Petrol,145,42.8,1.5
 Golf SV,2015,9390,Manual,20215,Diesel,0,72.4,1.6
 Golf SV,2018,17999,Automatic,9320,Petrol,145,42.2,1.5
 Golf SV,2019,20950,Automatic,3510,Petrol,145,42.8,1.5
 Golf SV,2017,12990,Semi-Auto,16755,Diesel,20,70.6,1.6
 Golf SV,2015,10499,Manual,31602,Petrol,125,50.4,1.4
 Golf SV,2019,19999,Automatic,10,Petrol,145,42.8,1.5
 Golf SV,2019,19437,Semi-Auto,3996,Petrol,145,45.6,1.5
 Golf SV,2019,17995,Manual,4671,Petrol,145,43.5,1.5
 Golf SV,2020,21490,Semi-Auto,1177,Petrol,145,42.8,1.5
 Golf SV,2019,20490,Automatic,8491,Petrol,145,43.5,1.5
 Golf SV,2020,20990,Automatic,2459,Petrol,145,42.8,1.5
 Golf SV,2019,22900,Semi-Auto,2500,Petrol,145,42.8,1.5
 Golf SV,2019,20950,Automatic,6500,Petrol,145,42.8,1.5
 Golf SV,2020,21500,Semi-Auto,3000,Petrol,150,42.8,1.5
 Golf SV,2016,12790,Semi-Auto,42000,Petrol,125,50.4,1.4
 Golf SV,2015,9491,Manual,28252,Diesel,0,72.4,1.6
 Golf SV,2018,16999,Automatic,8500,Petrol,145,55.4,1.5
 Golf SV,2017,12950,Manual,9761,Diesel,20,70.6,1.6
 Golf SV,2019,17999,Automatic,3280,Petrol,145,45.6,1.5
 Golf SV,2016,11749,Automatic,17695,Petrol,30,54.3,1.4
 Golf SV,2016,12700,Automatic,23495,Petrol,30,54.3,1.4
 Golf SV,2018,17595,Automatic,6156,Petrol,145,54.3,1.5
 Golf SV,2017,12695,Automatic,37181,Petrol,150,54.3,1.4
 Golf SV,2015,9295,Manual,47344,Petrol,30,55.4,1.4
 Golf SV,2016,7999,Manual,50777,Diesel,0,72.4,1.6
 Golf SV,2016,7999,Manual,50777,Diesel,0,72.4,1.6
 Golf SV,2016,10550,Manual,16739,Diesel,0,72.4,1.6
 Golf SV,2016,9500,Manual,32000,Diesel,30,65.7,2.0
 Golf SV,2015,8950,Manual,45000,Diesel,0,72.4,1.6
 Golf SV,2020,24950,Automatic,1000,Petrol,150,42.8,1.5
 Golf SV,2016,9450,Manual,40421,Diesel,30,65.7,2.0
 Golf SV,2018,16990,Automatic,12809,Petrol,150,42.2,1.5
 Golf SV,2017,13699,Manual,21301,Petrol,125,50.4,1.4
 Golf SV,2015,9695,Manual,21151,Diesel,0,72.4,1.6
 Golf SV,2020,25490,Automatic,1000,Petrol,145,42.8,1.5
 Golf SV,2014,9990,Manual,51000,Petrol,30,55.4,1.4
 Golf SV,2018,15490,Manual,23500,Petrol,145,55.4,1.5
 Golf SV,2018,15490,Manual,20920,Petrol,145,55.4,1.5
 Golf SV,2018,16490,Manual,16761,Petrol,150,55.4,1.5
 Golf SV,2019,22990,Automatic,2077,Petrol,145,42.8,1.5
 Golf SV,2014,9695,Manual,27000,Petrol,30,55.4,1.4
 Golf SV,2019,19680,Automatic,5000,Petrol,145,42.8,1.5
 Golf SV,2018,11880,Automatic,23689,Diesel,145,70.6,1.6
 Golf SV,2015,11890,Automatic,26000,Petrol,125,54.3,1.4
 Golf SV,2016,9680,Manual,18621,Petrol,30,56.5,1.2
 Golf SV,2015,11990,Automatic,9000,Petrol,115,54.3,1.4
 Golf SV,2016,10490,Manual,32827,Diesel,30,65.7,2.0
 Golf SV,2017,11000,Automatic,48447,Petrol,30,54.3,1.4
 Golf SV,2016,12670,Automatic,19516,Petrol,125,54.3,1.4
 Golf SV,2019,18000,Manual,7000,Diesel,145,53.3,1.6
 Golf SV,2019,17490,Manual,6543,Diesel,145,55.4,1.6
 Golf SV,2014,11450,Semi-Auto,4890,Diesel,125,65.7,2.0
 Golf SV,2015,7990,Automatic,75000,Petrol,125,54.3,1.4
 Golf SV,2014,8650,Manual,32535,Diesel,0,72.4,1.6
 Golf SV,2017,7995,Manual,71600,Diesel,0,72.4,1.6
 Touran,2019,21990,Semi-Auto,7852,Diesel,145,49.6,1.6
 Touran,2016,16776,Semi-Auto,21190,Diesel,125,60.1,2.0
 Touran,2018,19250,Semi-Auto,10263,Diesel,145,65.7,1.6
 Touran,2020,24480,Semi-Auto,341,Diesel,145,47.9,2.0
 Touran,2017,19800,Semi-Auto,12256,Petrol,150,51.4,1.4
 Touran,2017,18990,Semi-Auto,28568,Petrol,150,51.4,1.4
 Touran,2017,17200,Semi-Auto,26247,Diesel,30,65.7,1.6
 Touran,2018,23490,Semi-Auto,6392,Diesel,145,58.9,2.0
 Touran,2019,23780,Manual,6988,Diesel,145,47.9,2.0
 Touran,2016,15795,Semi-Auto,33238,Diesel,30,65.7,1.6
 Touran,2017,20750,Manual,16991,Petrol,150,49.6,1.4
 Touran,2017,19490,Manual,13058,Petrol,150,49.6,1.4
 Touran,2018,21450,Semi-Auto,9156,Petrol,145,51.4,1.4
 Touran,2016,12520,Manual,39930,Diesel,30,61.4,1.6
 Touran,2019,29450,Automatic,150,Petrol,145,38.7,1.5
 Touran,2016,14950,Manual,31004,Diesel,30,64.2,1.6
 Touran,2018,19450,Manual,19500,Diesel,145,62.8,2.0
 Touran,2019,27950,Manual,7000,Diesel,145,47.9,2.0
 Touran,2016,14750,Semi-Auto,27305,Diesel,30,65.7,1.6
 Touran,2016,15750,Manual,31631,Diesel,30,61.4,1.6
 Touran,2018,20376,Manual,3442,Petrol,145,49.6,1.4
 Touran,2016,15950,Manual,30866,Diesel,30,64.2,2.0
 Touran,2016,15690,Manual,35297,Diesel,30,61.4,1.6
 Touran,2020,25980,Manual,469,Petrol,145,39.8,1.5
 Touran,2019,23480,Manual,1500,Petrol,145,39.8,1.5
 Touran,2017,17290,Semi-Auto,49576,Petrol,125,51.4,1.4
 Touran,2020,31500,Manual,2500,Diesel,145,61.4,2.0
 Touran,2016,19000,Semi-Auto,11343,Diesel,30,65.7,1.6
 Touran,2019,20000,Automatic,20535,Diesel,145,49.6,1.6
 Touran,2017,18250,Semi-Auto,12431,Diesel,125,60.1,2.0
 Touran,2019,24990,Automatic,25,Petrol,145,38.7,1.5
 Touran,2017,14750,Manual,42105,Diesel,145,61.4,1.6
 Touran,2019,25975,Automatic,5985,Petrol,145,38.7,1.5
 Touran,2019,22995,Manual,847,Diesel,145,51.4,1.6
 Touran,2017,13910,Manual,62678,Diesel,30,61.4,1.6
 Touran,2017,19990,Manual,13831,Petrol,145,52.3,1.2
 Touran,2017,21990,Semi-Auto,11341,Petrol,145,51.4,1.4
 Touran,2017,22342,Semi-Auto,18545,Petrol,150,51.4,1.4
 Touran,2016,17462,Manual,18865,Diesel,30,64.2,2.0
 Touran,2019,25766,Automatic,5123,Petrol,145,38.7,1.5
 Touran,2019,25490,Semi-Auto,5985,Petrol,145,38.7,1.5
 Touran,2017,17495,Semi-Auto,31000,Diesel,30,65.7,1.6
 Touran,2019,24999,Semi-Auto,4713,Diesel,150,45.6,2.0
 Touran,2019,23999,Manual,3460,Petrol,145,40.9,1.0
 Touran,2017,17995,Manual,21125,Petrol,145,49.6,1.4
 Touran,2017,18999,Manual,19076,Petrol,150,49.6,1.4
 Touran,2019,23999,Manual,7848,Petrol,150,39.8,1.5
 Touran,2016,17450,Semi-Auto,19101,Diesel,30,65.7,1.6
 Touran,2019,25650,Semi-Auto,928,Petrol,145,38.7,1.5
 Touran,2019,19990,Manual,15794,Diesel,145,51.4,1.6
 Touran,2019,23690,Automatic,4999,Diesel,145,47.9,2.0
 Touran,2017,19490,Manual,12211,Petrol,150,49.6,1.4
 Touran,2018,23990,Automatic,2933,Petrol,145,38.7,1.5
 Touran,2016,14995,Manual,50178,Diesel,30,61.4,1.6
 Touran,2019,26990,Automatic,6108,Petrol,145,38.7,1.5
 Touran,2019,23490,Automatic,6420,Diesel,145,47.9,2.0
 Touran,2017,16396,Manual,29618,Diesel,30,61.4,1.6
 Touran,2016,17499,Semi-Auto,14042,Diesel,30,65.7,1.6
 Touran,2017,17990,Manual,13383,Petrol,150,52.3,1.2
 Touran,2019,26495,Semi-Auto,4111,Petrol,145,38.7,1.5
 Touran,2019,24290,Automatic,12647,Petrol,145,38.7,1.5
 Touran,2019,24690,Automatic,8405,Petrol,145,38.7,1.5
 Touran,2016,17899,Semi-Auto,18924,Diesel,125,60.1,2.0
 Touran,2018,19690,Semi-Auto,12949,Diesel,145,49.6,1.6
 Touran,2015,10990,Semi-Auto,27583,Diesel,30,61.4,1.6
 Touran,2018,23990,Automatic,2933,Petrol,145,38.7,1.5
 Touran,2017,15990,Semi-Auto,39000,Diesel,30,65.7,1.6
 Touran,2019,20490,Manual,3024,Petrol,145,40.9,1.0
 Touran,2019,22990,Manual,6000,Petrol,145,40.9,1.0
 Touran,2019,24495,Automatic,13950,Petrol,145,38.7,1.5
 Touran,2017,19841,Semi-Auto,20685,Petrol,125,51.4,1.4
 Touran,2019,26495,Automatic,5500,Petrol,145,38.7,1.5
 Touran,2016,16495,Manual,16583,Diesel,30,61.4,1.6
 Touran,2017,20495,Semi-Auto,22000,Petrol,150,51.4,1.4
 Touran,2018,21000,Semi-Auto,24687,Diesel,145,60.1,2.0
 Touran,2017,19995,Manual,20000,Petrol,145,49.6,1.4
 Touran,2016,17995,Semi-Auto,37000,Diesel,30,65.7,1.6
 Touran,2017,16995,Semi-Auto,28000,Diesel,30,65.7,1.6
 Touran,2016,15995,Manual,37774,Diesel,30,64.2,2.0
 Touran,2020,28883,Semi-Auto,861,Diesel,145,45.6,2.0
 Touran,2017,17995,Semi-Auto,21740,Diesel,150,60.1,2.0
 Touran,2019,23777,Manual,7500,Petrol,145,39.8,1.5
 Touran,2020,29999,Semi-Auto,3500,Petrol,150,38.7,1.5
 Touran,2017,22499,Semi-Auto,18862,Petrol,145,51.4,1.4
 Touran,2014,10000,Manual,59442,Diesel,125,61.4,1.6
 Touran,2016,16499,Semi-Auto,24230,Diesel,30,64.2,1.6
 Touran,2020,28950,Semi-Auto,2000,Diesel,150,45.6,2.0
 Touran,2017,14995,Semi-Auto,23746,Diesel,30,65.7,1.6
 Touran,2017,15995,Manual,35428,Diesel,145,61.4,1.6
 Touran,2016,17991,Semi-Auto,18216,Diesel,30,65.7,1.6
 Touran,2018,19999,Manual,10152,Petrol,150,49.6,1.4
 Touran,2016,19599,Semi-Auto,7365,Petrol,125,51.4,1.4
 Touran,2016,14999,Semi-Auto,40038,Diesel,30,65.7,1.6
 Touran,2017,16500,Manual,33893,Diesel,30,61.4,1.6
 Touran,2017,16500,Manual,24650,Petrol,145,52.3,1.2
 Touran,2012,5995,Manual,99998,Diesel,150,55.4,1.6
 Touran,2011,7995,Semi-Auto,63700,Diesel,165,49.6,2.0
 Touran,2015,11495,Manual,40000,Diesel,125,61.4,1.6
 Touran,2019,23499,Automatic,1000,Diesel,145,45.6,2.0
 Touran,2017,16999,Manual,24014,Diesel,145,62.8,2.0
 Touran,2019,23750,Semi-Auto,2000,Petrol,145,38.7,1.5
 Touran,2010,6869,Manual,49000,Diesel,145,53.3,2.0
 Touran,2017,16990,Manual,35680,Diesel,145,62.8,2.0
 Touran,2013,9800,Manual,37975,Diesel,125,61.4,1.6
 Touran,2016,14275,Manual,44280,Diesel,30,64.2,2.0
 Touran,2017,18000,Manual,20550,Diesel,145,61.4,1.6
 Touran,2016,13876,Manual,54678,Diesel,30,64.2,2.0
 Touran,2017,17423,Automatic,13703,Diesel,145,65.7,1.6
 Touran,2016,17299,Automatic,15620,Diesel,125,58.9,2.0
 Touran,2017,16299,Automatic,15918,Diesel,145,65.7,1.6
 Touran,2016,14749,Manual,35983,Diesel,30,61.4,1.6
 Touran,2014,8840,Automatic,78846,Diesel,30,61.4,1.6
 Touran,2013,6795,Manual,78202,Diesel,125,61.4,1.6
 Touran,2014,8995,Automatic,56942,Diesel,30,61.4,1.6
 Touran,2019,25489,Automatic,3629,Diesel,145,46.3,2.0
 Touran,2019,21990,Automatic,7071,Diesel,145,49.6,1.6
 Touran,2016,17200,Semi-Auto,11985,Diesel,125,60.1,2.0
 Touran,2016,16800,Automatic,24157,Diesel,125,60.1,2.0
 Touran,2018,21000,Manual,19039,Diesel,145,62.8,2.0
 Touran,2016,16100,Manual,22595,Diesel,30,61.4,1.6
 Touran,2016,12499,Manual,37107,Diesel,125,61.4,1.6
 Touran,2018,17000,Manual,36873,Diesel,145,61.4,1.6
 Touran,2016,17600,Automatic,26837,Diesel,125,60.1,2.0
 Touran,2017,17000,Manual,18762,Diesel,30,61.4,1.6
 Touran,2016,15100,Manual,29653,Diesel,30,61.4,1.6
 Touran,2019,20489,Manual,4444,Petrol,145,40.9,1.0
 Touran,2016,12999,Manual,42560,Diesel,30,64.2,1.6
 Touran,2016,16694,Automatic,17687,Diesel,30,65.7,1.6
 Touran,2018,17500,Automatic,15334,Diesel,145,65.7,1.6
 Touran,2018,20500,Automatic,7237,Diesel,145,49.6,1.6
 Touran,2016,15994,Automatic,17496,Diesel,125,60.1,2.0
 Touran,2014,7799,Manual,81000,Diesel,125,58.9,2.0
 Touran,2017,14899,Automatic,43857,Diesel,145,65.7,1.6
 Touran,2016,14999,Manual,28377,Diesel,30,61.4,1.6
 Touran,2016,12500,Manual,69900,Diesel,30,62.8,2.0
 Touran,2016,13000,Manual,63150,Diesel,30,62.8,2.0
 Touran,2019,19450,Manual,19269,Diesel,145,51.4,1.6
 Touran,2016,13990,Manual,68266,Diesel,30,64.2,2.0
 Touran,2017,18490,Automatic,42849,Petrol,145,51.4,1.4
 Touran,2016,13995,Manual,28812,Diesel,30,64.2,1.6
 Touran,2016,16799,Automatic,28706,Diesel,125,60.1,2.0
 Touran,2014,10295,Manual,27916,Diesel,125,61.4,1.6
 Touran,2007,3995,Manual,88427,Diesel,200,47.1,1.9
 Touran,2017,19490,Manual,18055,Diesel,150,64.2,2.0
 Touran,2016,14790,Manual,44601,Diesel,30,61.4,1.6
 Touran,2019,24990,Automatic,1187,Petrol,145,38.7,1.5
 Touran,2017,15499,Manual,19278,Diesel,145,61.4,1.6
 Touran,2018,15899,Automatic,35573,Diesel,145,65.7,1.6
 Touran,2008,2795,Manual,148297,Diesel,200,46.3,2.0
 Touran,2017,17599,Automatic,23672,Diesel,30,65.7,1.6
 Touran,2015,8699,Automatic,87617,Diesel,30,61.4,1.6
 Touran,2012,7495,Manual,54996,Diesel,150,55.4,1.6
 Touran,2012,7275,Manual,60000,Diesel,125,61.4,1.6
 Touran,2017,16380,Manual,36434,Diesel,145,61.4,1.6
 Touran,2016,14490,Manual,32608,Diesel,30,64.2,1.6
 Touran,2019,20180,Manual,11046,Diesel,145,51.4,2.0
 Touran,2019,19970,Manual,14074,Petrol,145,40.9,1.0
 Touran,2014,11395,Manual,13997,Diesel,125,61.4,1.6
 Touran,2018,15799,Automatic,41951,Diesel,145,65.7,1.6
 Touran,2016,17499,Automatic,16068,Diesel,125,58.9,2.0
 Touran,2019,20999,Automatic,3151,Diesel,145,49.6,1.6
 Touran,2013,6999,Manual,77524,Diesel,125,61.4,1.6
 Touran,2010,5995,Automatic,90000,Diesel,240,43.5,2.0
 Touran,2014,7995,Manual,43000,Diesel,125,61.4,1.6
 Touran,2017,18491,Automatic,27208,Petrol,145,51.4,1.4
 Touran,2019,20000,Manual,9296,Diesel,145,51.4,1.6
 Touran,2013,8500,Automatic,50940,Diesel,150,55.4,1.6
 Touran,2013,7999,Manual,63100,Diesel,125,58.9,2.0
 Touran,2016,14990,Manual,34000,Diesel,30,64.2,1.6
 Touran,2018,19439,Manual,11273,Diesel,145,51.4,1.6
 Touran,2014,8995,Manual,47258,Diesel,125,61.4,1.6
 Touran,2019,20989,Manual,15245,Diesel,150,51.4,1.6
 Touran,2015,8200,Manual,80580,Diesel,125,61.4,1.6
 Touran,2019,25990,Automatic,4305,Other,145,38.7,1.5
 Touran,2019,20180,Manual,9577,Diesel,145,51.4,1.6
 Touran,2019,20190,Manual,11992,Diesel,145,51.4,2.0
 Touran,2017,17000,Manual,19458,Diesel,30,61.4,1.6
 Touran,2016,14990,Manual,38000,Diesel,30,64.2,1.6
 Touran,2007,2390,Manual,124000,Petrol,265,37.7,1.4
 Touran,2016,12740,Manual,54000,Diesel,30,64.2,1.6
 Touran,2008,2300,Manual,112304,Petrol,305,34.5,1.6
 Touran,2004,1800,Automatic,116971,Petrol,300,35.8,1.6
 Touran,2011,5195,Manual,82000,Diesel,145,55.4,1.6
 Touran,2006,2395,Manual,105000,Diesel,205,46.3,2.0
 Touran,2016,13500,Manual,39616,Diesel,30,64.2,1.6
 Touran,2011,6490,Manual,53986,Petrol,160,44.1,1.2
 Touran,2010,5295,Manual,78484,Diesel,205,46.3,2.0
 Touran,2013,8995,Manual,69000,Diesel,140,55.4,1.6
 Touran,2019,24995,Automatic,3000,Other,150,38.7,1.5
 Touran,2016,12900,Manual,41532,Diesel,30,64.2,1.6
 Arteon,2019,24750,Manual,50,Diesel,145,52.3,2.0
 Arteon,2019,23676,Semi-Auto,10583,Petrol,145,40.4,1.5
 Arteon,2019,27491,Semi-Auto,6987,Petrol,145,47.1,2.0
 Arteon,2019,27991,Semi-Auto,3987,Diesel,145,50.4,2.0
 Arteon,2019,29156,Automatic,2354,Diesel,145,50.4,2.0
 Arteon,2019,27500,Automatic,5364,Diesel,145,50.4,2.0
 Arteon,2019,26995,Automatic,4250,Diesel,145,50.4,2.0
 Arteon,2019,24995,Semi-Auto,11000,Diesel,145,50.4,2.0
 Arteon,2019,23795,Semi-Auto,6183,Diesel,145,50.4,2.0
 Arteon,2019,27998,Manual,13,Diesel,145,52.3,2.0
 Arteon,2018,22791,Semi-Auto,7297,Petrol,145,47.1,2.0
 Arteon,2019,22692,Automatic,8988,Petrol,145,48.7,1.5
 Arteon,2020,31991,Semi-Auto,4688,Diesel,145,50.4,2.0
 Arteon,2019,23996,Manual,5922,Diesel,145,52.3,2.0
 Arteon,2019,26990,Automatic,11267,Diesel,145,50.4,2.0
 Arteon,2020,31500,Semi-Auto,3000,Diesel,145,44.1,2.0
 Arteon,2017,19795,Semi-Auto,20545,Petrol,145,47.1,2.0
 Arteon,2019,25640,Semi-Auto,7447,Diesel,145,50.4,2.0
 Arteon,2019,27998,Manual,41,Diesel,145,52.3,2.0
 Arteon,2019,24816,Manual,7900,Diesel,145,52.3,2.0
 Arteon,2020,34500,Semi-Auto,4000,Diesel,145,50.4,2.0
 Arteon,2019,26840,Semi-Auto,3806,Petrol,145,47.1,2.0
 Arteon,2019,27490,Semi-Auto,6198,Petrol,150,40.4,1.5
 Arteon,2019,27500,Automatic,2500,Diesel,145,50.4,2.0
 Arteon,2018,21811,Semi-Auto,21601,Diesel,145,50.4,2.0
 Arteon,2020,29750,Automatic,3500,Diesel,145,44.1,2.0
 Arteon,2019,24495,Manual,7998,Diesel,145,52.3,2.0
 Arteon,2019,21982,Semi-Auto,8861,Petrol,145,40.4,1.5
 Arteon,2019,28391,Automatic,10682,Petrol,145,47.1,2.0
 Arteon,2019,22260,Automatic,1966,Petrol,145,40.4,1.5
 Arteon,2019,28900,Automatic,5000,Petrol,145,47.1,2.0
 Arteon,2019,35750,Automatic,5619,Petrol,145,32.8,2.0
 Arteon,2019,25000,Semi-Auto,5788,Petrol,145,47.1,2.0
 Arteon,2019,29990,Automatic,7148,Diesel,145,50.4,2.0
 Arteon,2019,23256,Automatic,6837,Petrol,145,40.4,1.5
 Arteon,2018,21182,Semi-Auto,26156,Petrol,145,47.1,2.0
 Arteon,2019,26090,Semi-Auto,5101,Diesel,145,50.4,2.0
 Arteon,2019,23990,Manual,100,Diesel,150,52.3,2.0
 Arteon,2019,24990,Semi-Auto,5807,Diesel,145,44.1,2.0
 Arteon,2019,20500,Automatic,8503,Petrol,145,40.4,1.5
 Arteon,2019,23990,Manual,20,Diesel,150,52.3,2.0
 Arteon,2019,26995,Semi-Auto,4765,Diesel,145,50.4,2.0
 Arteon,2020,30490,Semi-Auto,1209,Diesel,145,50.4,2.0
 Arteon,2019,31495,Automatic,8695,Diesel,145,37.7,2.0
 Arteon,2018,21444,Semi-Auto,18563,Petrol,145,47.1,2.0
 Arteon,2019,23240,Semi-Auto,7891,Diesel,145,50.4,2.0
 Arteon,2019,28690,Semi-Auto,553,Petrol,145,47.1,2.0
 Arteon,2019,25890,Semi-Auto,6627,Diesel,145,50.4,2.0
 Arteon,2019,27990,Semi-Auto,4736,Petrol,145,32.8,2.0
 Arteon,2019,25750,Semi-Auto,7885,Diesel,145,50.4,2.0
 Arteon,2019,25990,Semi-Auto,13500,Diesel,145,44.1,2.0
 Arteon,2019,29980,Automatic,6786,Petrol,145,32.8,2.0
 Arteon,2019,23950,Manual,100,Diesel,145,52.3,2.0
 Arteon,2017,18980,Semi-Auto,33915,Petrol,145,47.1,2.0
 Arteon,2018,22950,Automatic,13769,Diesel,145,55.4,2.0
 Arteon,2019,30950,Automatic,10000,Diesel,145,50.4,2.0
 Arteon,2019,25990,Semi-Auto,11412,Diesel,145,50.4,2.0
 Arteon,2019,25165,Semi-Auto,9490,Petrol,145,47.1,2.0
 Arteon,2019,31000,Semi-Auto,1500,Petrol,145,32.8,2.0
 Arteon,2018,19990,Semi-Auto,32713,Petrol,145,47.1,2.0
 Arteon,2020,32990,Semi-Auto,5000,Diesel,145,50.4,2.0
 Arteon,2019,26490,Manual,5000,Diesel,145,52.3,2.0
 Arteon,2020,37500,Semi-Auto,2500,Diesel,145,37.7,2.0
 Arteon,2019,30000,Automatic,6500,Petrol,145,32.8,2.0
 Arteon,2019,26990,Semi-Auto,4110,Diesel,150,60.1,2.0
 Arteon,2018,22490,Semi-Auto,23000,Diesel,145,55.4,2.0
 Arteon,2019,27990,Automatic,6000,Diesel,145,60.1,2.0
 Arteon,2019,29450,Automatic,4596,Diesel,145,50.4,2.0
 Arteon,2019,28990,Automatic,6000,Diesel,145,50.4,2.0
 Arteon,2019,24491,Semi-Auto,5107,Diesel,150,62.8,2.0
 Arteon,2019,23650,Manual,11334,Diesel,145,65.7,2.0
 Arteon,2019,22536,Automatic,1963,Petrol,145,40.4,1.5
 Arteon,2019,27240,Automatic,3882,Petrol,145,47.1,2.0
 Arteon,2019,24690,Manual,3248,Diesel,145,52.3,2.0
 Arteon,2018,21502,Manual,7813,Diesel,145,65.7,2.0
 Arteon,2019,28496,Semi-Auto,1522,Petrol,145,47.1,2.0
 Arteon,2019,31214,Semi-Auto,3311,Petrol,145,32.8,2.0
 Arteon,2019,26999,Semi-Auto,6095,Petrol,150,47.1,2.0
 Arteon,2018,22800,Semi-Auto,9858,Petrol,145,47.1,2.0
 Arteon,2019,24450,Manual,100,Diesel,145,52.3,2.0
 Arteon,2019,33950,Semi-Auto,8000,Diesel,145,44.1,2.0
 Arteon,2019,27995,Semi-Auto,9988,Petrol,145,32.8,2.0
 Arteon,2019,28990,Semi-Auto,8494,Diesel,145,44.1,2.0
 Arteon,2019,27490,Automatic,8401,Diesel,145,60.1,2.0
 Arteon,2019,26250,Semi-Auto,10541,Diesel,145,50.4,2.0
 Arteon,2019,26490,Automatic,5907,Petrol,145,32.8,2.0
 Arteon,2019,21990,Semi-Auto,10500,Petrol,145,40.4,1.5
 Arteon,2017,22290,Semi-Auto,6502,Petrol,145,47.1,2.0
 Arteon,2019,25990,Semi-Auto,18000,Petrol,145,47.1,2.0
 Arteon,2020,28990,Semi-Auto,115,Petrol,145,47.1,2.0
 Arteon,2019,23990,Semi-Auto,4340,Petrol,145,40.4,1.5
 Arteon,2019,23990,Semi-Auto,2239,Petrol,145,40.4,1.5
 Arteon,2019,26990,Semi-Auto,9000,Petrol,145,47.1,2.0
 Arteon,2019,27990,Automatic,6000,Diesel,145,44.1,2.0
 Arteon,2019,32495,Automatic,2494,Diesel,145,44.1,2.0
 Arteon,2019,26995,Semi-Auto,2936,Diesel,145,55.4,2.0
 Arteon,2019,29995,Semi-Auto,7299,Diesel,145,50.4,2.0
 Arteon,2018,21550,Semi-Auto,24428,Petrol,145,47.1,2.0
 Arteon,2019,29995,Semi-Auto,6789,Diesel,145,50.4,2.0
 Arteon,2018,22025,Semi-Auto,24401,Petrol,145,47.1,2.0
 Arteon,2018,22175,Semi-Auto,26009,Petrol,145,47.1,2.0
 Arteon,2017,21550,Semi-Auto,23559,Petrol,145,47.1,2.0
 Arteon,2019,28995,Semi-Auto,7000,Petrol,145,47.1,2.0
 Arteon,2018,24995,Semi-Auto,4294,Diesel,145,50.4,2.0
 Arteon,2019,27995,Semi-Auto,3000,Petrol,145,40.4,1.5
 Arteon,2019,27499,Semi-Auto,10951,Petrol,150,32.8,2.0
 Arteon,2019,27111,Semi-Auto,5500,Diesel,145,50.4,2.0
 Arteon,2017,19995,Semi-Auto,23178,Petrol,145,47.1,2.0
 Arteon,2019,30990,Automatic,2917,Diesel,145,44.1,2.0
 Arteon,2019,32490,Automatic,6890,Petrol,145,32.8,2.0
 Arteon,2019,28990,Automatic,5114,Diesel,145,37.7,2.0
 Arteon,2019,32850,Automatic,4800,Petrol,145,32.8,2.0
 Arteon,2019,28750,Semi-Auto,6500,Petrol,150,47.1,2.0
 Arteon,2018,24500,Automatic,7500,Diesel,145,50.4,2.0
 Arteon,2019,29000,Manual,3000,Diesel,145,52.3,2.0
 Arteon,2019,25500,Semi-Auto,9000,Petrol,145,47.1,2.0
 Arteon,2018,21999,Automatic,11639,Diesel,145,60.1,2.0
 Arteon,2020,34000,Semi-Auto,3000,Petrol,150,32.8,2.0
 Arteon,2019,34000,Automatic,1000,Diesel,145,37.7,2.0
 Arteon,2019,27000,Semi-Auto,3000,Petrol,150,47.1,2.0
 Arteon,2019,27999,Automatic,3852,Diesel,145,50.4,2.0
 Arteon,2019,24800,Automatic,4560,Diesel,145,44.1,2.0
 Arteon,2019,24599,Automatic,4910,Diesel,145,44.1,2.0
 Arteon,2019,22499,Automatic,5419,Petrol,145,48.7,1.5
 Arteon,2018,23700,Automatic,9288,Diesel,145,44.1,2.0
 Arteon,2019,21999,Automatic,3698,Petrol,145,48.7,1.5
 Arteon,2020,25590,Automatic,7256,Petrol,145,47.1,2.0
 Arteon,2020,39989,Automatic,256,Petrol,145,47.1,2.0
 Arteon,2019,22499,Automatic,7273,Petrol,145,48.7,1.5
 Arteon,2019,22500,Automatic,1555,Petrol,145,40.4,1.5
 Arteon,2018,19899,Automatic,33024,Diesel,145,62.8,2.0
 Arteon,2019,22999,Automatic,2187,Petrol,145,48.7,1.5
 Arteon,2019,25225,Automatic,2411,Diesel,145,44.1,2.0
 Arteon,2019,25390,Manual,100,Diesel,150,52.3,2.0
 Arteon,2019,23990,Automatic,9000,Petrol,145,47.1,2.0
 Arteon,2019,25000,Automatic,80,Petrol,145,40.4,1.5
 Arteon,2017,21469,Automatic,32387,Petrol,150,38.7,2.0
 Arteon,2019,30000,Automatic,50,Petrol,145,47.1,2.0
 Arteon,2019,26999,Automatic,1201,Petrol,145,47.1,2.0
 Arteon,2018,22000,Automatic,2570,Petrol,145,40.4,1.5
 Arteon,2019,33450,Automatic,8092,Diesel,145,37.7,2.0
 Arteon,2019,26690,Automatic,9956,Petrol,145,47.1,2.0
 Arteon,2018,20990,Automatic,20159,Petrol,145,47.1,2.0
 Arteon,2017,19990,Automatic,16283,Petrol,145,47.1,2.0
 Arteon,2019,28490,Automatic,3712,Petrol,145,47.1,2.0
 Arteon,2019,21999,Automatic,6777,Petrol,145,40.4,1.5
 Arteon,2019,22760,Automatic,10000,Diesel,145,50.4,2.0
 Arteon,2019,23899,Automatic,5683,Diesel,145,55.4,2.0
 Arteon,2018,20899,Manual,5317,Diesel,145,61.4,2.0
 Arteon,2019,26880,Automatic,4867,Petrol,145,32.8,2.0
 Arteon,2019,27950,Automatic,1000,Petrol,145,47.1,2.0
 Arteon,2019,28000,Automatic,4444,Diesel,145,50.4,2.0
 Arteon,2019,24989,Automatic,1413,Other,150,50.4,2.0
 Arteon,2020,31450,Automatic,1786,Petrol,145,47.1,2.0
 Arteon,2019,24000,Automatic,7747,Diesel,145,50.4,2.0
 Touareg,2020,49990,Semi-Auto,6000,Diesel,145,33.6,3.0
 Touareg,2020,54990,Semi-Auto,6000,Diesel,150,33.6,3.0
 Touareg,2020,44990,Semi-Auto,6000,Diesel,145,34.0,3.0
 Touareg,2019,34490,Automatic,6000,Diesel,145,34.9,3.0
 Touareg,2019,41990,Semi-Auto,1638,Diesel,150,34.5,3.0
 Touareg,2019,38000,Automatic,1500,Diesel,145,34.9,3.0
 Touareg,2017,24995,Automatic,44496,Diesel,145,42.8,3.0
 Touareg,2018,38490,Automatic,8455,Diesel,145,34.0,3.0
 Touareg,2018,37290,Automatic,9903,Diesel,145,34.5,3.0
 Touareg,2019,35990,Automatic,25,Diesel,145,34.9,3.0
 Touareg,2019,35990,Automatic,25,Diesel,145,34.9,3.0
 Touareg,2019,49990,Semi-Auto,6000,Diesel,145,34.0,3.0
 Touareg,2019,35990,Automatic,25,Diesel,145,34.9,3.0
 Touareg,2019,43950,Automatic,1500,Diesel,145,34.5,3.0
 Touareg,2019,45990,Automatic,10514,Petrol,145,25.5,3.0
 Touareg,2019,46990,Semi-Auto,10683,Diesel,145,34.5,3.0
 Touareg,2019,34490,Semi-Auto,6000,Diesel,145,34.9,3.0
 Touareg,2019,47490,Semi-Auto,10514,Petrol,145,25.5,3.0
 Touareg,2020,48390,Semi-Auto,5100,Diesel,145,33.6,3.0
 Touareg,2020,42990,Semi-Auto,3981,Diesel,145,34.9,3.0
 Touareg,2019,44082,Semi-Auto,6580,Diesel,145,34.0,3.0
 Touareg,2017,28052,Automatic,11387,Diesel,145,42.8,3.0
 Touareg,2018,35436,Semi-Auto,17233,Diesel,145,34.0,3.0
 Caddy Maxi Life,2017,16994,Semi-Auto,32110,Diesel,145,54.3,2.0
 Caddy Maxi Life,2019,19995,Semi-Auto,14056,Diesel,145,44.1,2.0
 Caddy Maxi Life,2019,18999,Semi-Auto,13349,Diesel,145,46.3,2.0
 Caddy Maxi Life,2019,19499,Manual,6693,Diesel,145,50.4,2.0
 Caddy Maxi Life,2019,21999,Automatic,100,Diesel,145,46.3,2.0
 Caddy Maxi Life,2019,18991,Automatic,4525,Diesel,145,46.3,2.0
 Caddy Maxi Life,2014,11995,Manual,30393,Diesel,205,48.7,1.6
 Caddy Maxi Life,2020,22490,Automatic,89,Diesel,145,46.3,2.0
 Caddy Maxi Life,2019,18450,Automatic,13411,Diesel,145,44.1,2.0
 Caddy Maxi Life,2019,18450,Automatic,11650,Diesel,145,44.1,2.0
 Caddy Maxi Life,2018,14991,Automatic,40604,Diesel,145,56.5,2.0
 Caddy Maxi Life,2018,16991,Manual,1959,Diesel,150,57.7,2.0
 Caddy Maxi Life,2019,18991,Automatic,63,Diesel,150,46.3,2.0
 Caddy Maxi Life,2019,19490,Automatic,13194,Diesel,145,44.1,2.0
 Caddy Maxi Life,2018,18000,Automatic,4571,Petrol,145,47.1,1.4
 Caddy Maxi Life,2017,13950,Manual,39680,Diesel,125,58.9,2.0
 Caravelle,2020,47000,Automatic,1001,Diesel,145,33.6,2.0
 Caravelle,2019,40980,Automatic,8500,Diesel,145,33.6,2.0
 Caravelle,2019,40999,Semi-Auto,2198,Diesel,145,47.1,2.0
 Caravelle,2014,23950,Automatic,72000,Diesel,325,34.9,2.0
 Caravelle,2019,39995,Semi-Auto,6565,Diesel,145,33.6,2.0
 Caravelle,2019,42900,Semi-Auto,2544,Diesel,145,32.8,2.0
 Caravelle,2019,52999,Semi-Auto,3365,Diesel,145,29.4,2.0
 Caravelle,2019,40999,Automatic,50,Diesel,145,32.8,2.0
 Caravelle,2019,39999,Semi-Auto,9221,Diesel,145,33.6,2.0
 Caravelle,2019,39950,Semi-Auto,3544,Diesel,145,32.8,2.0
 Caravelle,2019,46795,Semi-Auto,6280,Diesel,145,33.6,2.0
 Caravelle,2020,43495,Semi-Auto,2000,Diesel,150,33.6,2.0
 Caravelle,2013,15990,Automatic,80639,Diesel,325,35.8,2.0
 Caravelle,2019,43194,Semi-Auto,9893,Diesel,145,32.8,2.0
 Beetle,2014,9280,Automatic,26228,Petrol,145,47.9,1.2
 Beetle,2006,1799,Manual,103875,Petrol,260,36.7,1.6
 Beetle,2003,1300,Manual,87000,Petrol,260,40.9,1.6
 Beetle,2015,8995,Manual,49197,Diesel,30,61.4,2.0
 Beetle,2016,11990,Manual,11500,Petrol,125,51.4,1.2
 Beetle,2007,3850,Manual,40000,Petrol,265,36.2,1.6
 Beetle,2016,13480,Automatic,43268,Diesel,125,58.9,2.0
 Beetle,2001,899,Automatic,1,Petrol,325,29.7,2.0
 Beetle,2006,2695,Manual,78356,Petrol,325,32.1,2.0
 Beetle,2007,2395,Manual,103500,Petrol,260,36.7,1.6
 Beetle,2016,13790,Manual,50139,Petrol,150,48.7,1.4
 Beetle,2016,14980,Manual,14382,Petrol,165,43.5,2.0
 Beetle,2001,2490,Manual,47729,Petrol,330,32.5,2.0
 Beetle,2015,8990,Manual,48000,Petrol,140,48.7,1.4
 Polo,2018,14499,Semi-Auto,6000,Petrol,145,45.6,1.0
 Polo,2017,11495,Manual,12982,Petrol,20,60.1,1.2
 Polo,2017,11499,Manual,7129,Petrol,150,60.1,1.2
 Polo,2017,11199,Manual,32350,Petrol,150,60.1,1.2
 Polo,2017,10299,Manual,18820,Petrol,150,60.1,1.0
 Polo,2019,15995,Manual,6401,Petrol,150,49.6,1.0
 Polo,2017,11495,Manual,17378,Petrol,150,60.1,1.2
 Polo,2016,9995,Manual,27253,Petrol,20,60.1,1.2
 Polo,2016,9495,Manual,28000,Petrol,20,60.1,1.2
 Polo,2014,11995,Semi-Auto,11521,Petrol,20,61.4,1.4
 Polo,2016,10695,Semi-Auto,17100,Petrol,20,60.1,1.2
 Polo,2016,10995,Manual,20912,Petrol,20,60.1,1.2
 Polo,2017,11495,Manual,2495,Petrol,145,60.1,1.0
 Polo,2017,12995,Semi-Auto,19384,Petrol,145,60.1,1.2
 Polo,2019,14999,Manual,6705,Petrol,145,52.3,1.0
 Polo,2020,15295,Manual,1500,Petrol,145,47.9,1.0
 Polo,2017,10750,Manual,13040,Petrol,20,60.1,1.2
 Polo,2017,12995,Semi-Auto,18608,Petrol,145,60.1,1.2
 Polo,2016,9995,Manual,28537,Petrol,20,60.1,1.2
 Polo,2017,11795,Manual,33044,Petrol,145,60.1,1.2
 Polo,2017,12995,Semi-Auto,12915,Petrol,145,60.1,1.2
 Polo,2019,15499,Manual,1952,Petrol,145,52.3,1.0
 Polo,2017,9495,Manual,31499,Petrol,20,60.1,1.0
 Polo,2016,10495,Manual,23000,Petrol,20,60.1,1.2
 Polo,2017,12495,Semi-Auto,10300,Petrol,145,60.1,1.2
 Polo,2020,15995,Semi-Auto,2102,Petrol,145,45.6,1.0
 Polo,2017,9295,Manual,29579,Petrol,20,60.1,1.0
 Polo,2017,11495,Manual,20781,Petrol,150,60.1,1.2
 Polo,2016,11495,Semi-Auto,26951,Petrol,20,60.1,1.2
 Polo,2019,14221,Manual,5800,Petrol,145,52.3,1.0
 Polo,2019,16999,Semi-Auto,2000,Petrol,145,46.3,1.0
 Polo,2014,7995,Manual,45000,Petrol,20,58.9,1.2
 Polo,2015,9995,Semi-Auto,34000,Petrol,20,60.1,1.2
 Polo,2017,10995,Manual,17513,Petrol,145,60.1,1.0
 Polo,2020,14583,Manual,1770,Petrol,145,48.7,1.0
 Polo,2020,16490,Semi-Auto,2231,Petrol,145,45.6,1.0
 Polo,2020,16994,Semi-Auto,2104,Petrol,145,45.6,1.0
 Polo,2020,16499,Semi-Auto,2000,Petrol,145,45.6,1.0
 Polo,2019,14507,Manual,1000,Petrol,145,52.3,1.0
 Polo,2017,11947,Manual,10887,Petrol,145,60.1,1.2
 Polo,2016,9230,Manual,23912,Petrol,20,60.1,1.2
 Polo,2019,13481,Manual,9294,Petrol,150,52.3,1.0
 Polo,2016,10500,Manual,16473,Petrol,20,60.1,1.2
 Polo,2020,14999,Manual,2000,Petrol,145,47.9,1.0
 Polo,2017,10991,Manual,13967,Petrol,150,58.9,1.0
 Polo,2015,9491,Manual,25910,Petrol,20,60.1,1.2
 Polo,2019,12291,Manual,8619,Petrol,150,48.7,1.0
 Polo,2017,10491,Manual,24735,Petrol,20,60.1,1.2
 Polo,2020,14999,Manual,2000,Petrol,145,47.9,1.0
 Polo,2020,14999,Manual,2000,Petrol,145,52.3,1.0
 Polo,2016,9291,Manual,38271,Petrol,20,60.1,1.2
 Polo,2017,11291,Manual,20028,Petrol,20,60.1,1.2
 Polo,2017,10491,Manual,18666,Petrol,150,58.9,1.0
 Polo,2019,12371,Manual,15043,Petrol,145,48.7,1.0
 Polo,2019,11491,Manual,16031,Petrol,145,48.7,1.0
 Polo,2016,10291,Manual,11922,Petrol,20,60.1,1.2
 Polo,2017,11491,Manual,20932,Petrol,150,60.1,1.2
 Polo,2017,10746,Manual,26199,Petrol,145,60.1,1.2
 Polo,2014,8997,Manual,24959,Petrol,20,58.9,1.2
 Polo,2020,15999,Manual,2000,Petrol,150,48.7,1.0
 Polo,2019,16649,Manual,3821,Petrol,150,49.6,1.0
 Polo,2017,11499,Manual,15243,Petrol,150,58.9,1.0
 Polo,2019,14499,Semi-Auto,13400,Petrol,145,45.6,1.0
 Polo,2019,16999,Semi-Auto,3000,Petrol,150,45.6,1.0
 Polo,2019,17349,Semi-Auto,1446,Petrol,145,46.3,1.0
 Polo,2019,13830,Manual,9998,Petrol,145,52.3,1.0
 Polo,2019,13590,Manual,13525,Petrol,145,52.3,1.0
 Polo,2016,9899,Manual,11109,Petrol,20,60.1,1.2
 Polo,2018,12000,Manual,18872,Petrol,145,64.2,1.0
 Polo,2019,19849,Semi-Auto,2225,Petrol,145,46.3,1.0
 Polo,2019,12690,Manual,13554,Petrol,150,48.7,1.0
 Polo,2017,10449,Manual,30847,Petrol,20,60.1,1.2
 Polo,2016,9299,Manual,23806,Petrol,20,60.1,1.2
 Polo,2020,20950,Semi-Auto,3538,Petrol,145,39.8,2.0
 Polo,2020,14950,Manual,1968,Petrol,145,47.9,1.0
 Polo,2018,13099,Manual,13239,Petrol,145,52.3,1.0
 Polo,2017,13499,Semi-Auto,3800,Petrol,150,60.1,1.2
 Polo,2019,15399,Semi-Auto,1889,Petrol,145,45.6,1.0
 Polo,2019,11495,Manual,11345,Petrol,150,48.7,1.0
 Polo,2017,10328,Manual,26941,Petrol,145,60.1,1.2
 Polo,2019,12295,Manual,10755,Petrol,145,48.7,1.0
 Polo,2019,11495,Manual,10133,Petrol,150,48.7,1.0
 Polo,2017,9495,Manual,16694,Petrol,150,60.1,1.0
 Polo,2017,11297,Manual,16722,Petrol,145,60.1,1.2
 Polo,2016,9244,Manual,37656,Petrol,20,60.1,1.2
 Polo,2019,11495,Manual,15907,Petrol,150,48.7,1.0
 Polo,2017,10656,Manual,19036,Petrol,20,60.1,1.2
 Polo,2018,12999,Manual,20055,Petrol,150,52.3,1.0
 Polo,2017,10649,Manual,25412,Petrol,20,60.1,1.2
 Polo,2017,10899,Manual,18208,Petrol,20,60.1,1.2
 Polo,2019,12995,Manual,11723,Diesel,145,57.7,1.6
 Polo,2019,11495,Manual,9551,Petrol,145,48.7,1.0
 Polo,2018,12995,Manual,15645,Petrol,145,52.3,1.0
 Polo,2019,11495,Manual,12459,Petrol,145,48.7,1.0
 Polo,2018,10795,Manual,12143,Petrol,145,60.1,1.0
 Polo,2016,11999,Manual,26194,Petrol,20,61.4,1.4
 Polo,2019,11741,Manual,12291,Petrol,150,48.7,1.0
 Polo,2017,9991,Manual,23964,Petrol,145,58.9,1.0
 Polo,2014,6984,Manual,57573,Petrol,125,51.4,1.2
 Polo,2019,16490,Automatic,2245,Petrol,145,45.6,1.0
 Polo,2016,10495,Manual,11860,Petrol,20,60.1,1.2
 Polo,2019,12471,Manual,14708,Petrol,150,48.7,1.0
 Polo,2017,10099,Manual,25666,Petrol,150,60.1,1.0
 Polo,2017,8999,Manual,43793,Petrol,20,60.1,1.0
 Polo,2019,12250,Manual,1250,Petrol,150,48.7,1.0
 Polo,2017,10700,Manual,21094,Petrol,20,60.1,1.2
 Polo,2018,13500,Manual,13075,Petrol,150,62.8,1.0
 Polo,2016,11950,Semi-Auto,12100,Petrol,20,60.1,1.2
 Polo,2018,12500,Manual,8555,Petrol,150,64.2,1.0
 Polo,2016,11500,Manual,4682,Petrol,20,60.1,1.2
 Polo,2016,13950,Semi-Auto,18500,Petrol,20,61.4,1.4
 Polo,2015,9950,Manual,13762,Petrol,20,60.1,1.2
 Polo,2019,14650,Semi-Auto,10050,Petrol,150,45.6,1.0
 Polo,2017,9677,Manual,17913,Petrol,145,60.1,1.0
 Polo,2016,12899,Manual,23437,Petrol,145,47.0,1.8
 Polo,2019,17850,Semi-Auto,2000,Petrol,150,46.3,1.0
 Polo,2016,11900,Semi-Auto,13588,Petrol,20,60.1,1.2
 Polo,2020,13900,Manual,1600,Petrol,150,48.7,1.0
 Polo,2016,9990,Manual,11780,Petrol,20,60.1,1.2
 Polo,2018,13495,Manual,15504,Petrol,145,52.3,1.0
 Polo,2018,11850,Manual,28500,Petrol,150,64.2,1.0
 Polo,2016,9250,Manual,43250,Petrol,20,60.1,1.2
 Polo,2016,10250,Manual,27850,Petrol,20,60.1,1.2
 Polo,2018,14950,Semi-Auto,1350,Petrol,150,45.6,1.0
 Polo,2019,21000,Semi-Auto,7100,Petrol,150,39.8,2.0
 Polo,2019,21000,Semi-Auto,3500,Petrol,150,39.8,2.0
 Polo,2017,11500,Manual,10600,Petrol,20,60.1,1.2
 Polo,2018,14650,Manual,3000,Diesel,145,55.4,1.6
 Polo,2016,10250,Manual,27500,Petrol,20,60.1,1.2
 Polo,2017,11500,Manual,13000,Petrol,150,60.1,1.2
 Polo,2015,8500,Manual,40300,Petrol,20,60.1,1.0
 Polo,2017,11500,Manual,17100,Petrol,20,60.1,1.2
 Polo,2018,11950,Manual,27000,Petrol,150,58.9,1.0
 Polo,2019,11950,Manual,7000,Petrol,150,48.7,1.0
 Polo,2019,20650,Semi-Auto,2500,Petrol,150,39.8,2.0
 Polo,2016,10000,Manual,43600,Petrol,20,60.1,1.0
 Polo,2016,11500,Manual,36900,Petrol,20,60.1,1.2
 Polo,2019,12829,Manual,8703,Petrol,145,48.7,1.0
 Polo,2020,16999,Semi-Auto,5000,Petrol,145,45.6,1.0
 Polo,2015,9750,Manual,27000,Petrol,20,60.1,1.2
 Polo,2017,11450,Manual,16500,Petrol,20,60.1,1.2
 Polo,2016,12500,Semi-Auto,19000,Petrol,20,60.1,1.2
 Polo,2018,12500,Manual,10600,Petrol,145,60.1,1.0
 Polo,2017,11800,Manual,9900,Petrol,145,60.1,1.2
 Polo,2019,14799,Manual,5404,Petrol,150,52.3,1.0
 Polo,2019,15000,Manual,3000,Petrol,145,47.9,1.0
 Polo,2019,14500,Manual,3000,Petrol,145,48.7,1.0
 Polo,2019,15000,Manual,2000,Petrol,145,52.3,1.0
 Polo,2015,8500,Manual,44765,Petrol,0,65.7,1.0
 Polo,2017,10650,Semi-Auto,46000,Petrol,150,60.1,1.2
 Polo,2016,10000,Manual,23000,Petrol,20,60.1,1.2
 Polo,2009,1990,Manual,65024,Petrol,150,48.7,1.2
 Polo,2017,13500,Manual,17200,Petrol,20,61.4,1.4
 Polo,2008,4250,Manual,62315,Diesel,125,56.5,1.4
 Polo,2019,13750,Manual,4000,Petrol,145,48.7,1.0
 Polo,2011,4495,Manual,72850,Petrol,125,51.4,1.2
 Polo,2008,3195,Manual,58500,Petrol,160,43.5,1.4
 Polo,2016,9599,Manual,10907,Petrol,20,60.1,1.2
 Polo,2017,11699,Manual,27500,Petrol,150,65.7,1.0
 Polo,2016,9999,Manual,17756,Petrol,20,60.1,1.2
 Polo,2016,14299,Manual,7800,Petrol,150,47.0,1.8
 Polo,2016,7995,Manual,35000,Petrol,20,60.1,1.0
 Polo,2014,7995,Manual,36742,Petrol,20,60.1,1.0
 Polo,2014,7995,Manual,28709,Diesel,0,83.1,1.4
 Polo,2018,12299,Manual,17000,Petrol,150,64.2,1.0
 Polo,2017,9999,Manual,15000,Petrol,150,60.1,1.0
 Polo,2015,9399,Manual,35786,Petrol,20,60.1,1.2
 Polo,2019,13799,Manual,3659,Petrol,145,52.3,1.0
 Polo,2017,10999,Automatic,22893,Petrol,145,60.1,1.2
 Polo,2005,1495,Manual,96000,Petrol,160,47.1,1.2
 Polo,2016,9999,Manual,27125,Petrol,20,60.1,1.2
 Polo,2019,14699,Manual,3100,Petrol,145,52.3,1.0
 Polo,2019,12499,Manual,3086,Petrol,145,48.7,1.0
 Polo,2019,14499,Manual,1623,Petrol,145,52.3,1.0
 Polo,2013,6995,Manual,33407,Petrol,125,51.4,1.2
 Polo,2011,4495,Manual,67350,Diesel,20,72.4,1.2
 Polo,2009,4299,Manual,21000,Petrol,165,43.5,1.4
 Polo,2016,9299,Manual,36001,Petrol,20,60.1,1.2
 Polo,2019,13499,Manual,13033,Diesel,145,57.7,1.6
 Polo,2020,14999,Manual,1309,Petrol,145,47.9,1.0
 Polo,2020,17999,Manual,4030,Petrol,145,49.6,1.0
 Polo,2016,8999,Manual,40710,Petrol,20,60.1,1.2
 Polo,2017,10299,Manual,14500,Petrol,20,60.1,1.2
 Polo,2017,10199,Manual,18640,Petrol,150,60.1,1.0
 Polo,2017,9499,Manual,23000,Petrol,150,60.1,1.0
 Polo,2016,9299,Manual,15000,Petrol,20,60.1,1.0
 Polo,2013,5999,Manual,57807,Petrol,125,51.4,1.2
 Polo,2016,8900,Manual,11800,Petrol,20,60.1,1.0
 Polo,2019,14499,Manual,932,Petrol,145,47.9,1.0
 Polo,2017,13799,Automatic,25182,Petrol,20,61.4,1.4
 Polo,2020,17299,Automatic,1000,Petrol,145,45.6,1.0
 Polo,2016,10500,Manual,8900,Petrol,20,60.1,1.0
 Polo,2019,18000,Automatic,3000,Petrol,145,46.3,1.0
 Polo,2017,10299,Manual,25432,Petrol,145,60.1,1.2
 Polo,2015,8799,Manual,26200,Petrol,20,60.1,1.2
 Polo,2007,2995,Automatic,106000,Petrol,200,40.9,1.4
 Polo,2008,4695,Manual,50000,Diesel,30,62.8,1.4
 Polo,2017,9599,Manual,15912,Petrol,145,58.9,1.0
 Polo,2007,1450,Manual,107000,Petrol,145,47.1,1.2
 Polo,2016,10480,Manual,34000,Petrol,0,65.7,1.0
 Polo,2017,8299,Manual,35115,Petrol,145,60.1,1.0
 Polo,2019,13199,Manual,10517,Diesel,145,57.7,1.6
 Polo,2016,10221,Semi-Auto,32127,Petrol,20,60.1,1.2
 Polo,2017,11679,Manual,31716,Petrol,20,61.4,1.4
 Polo,2017,9684,Manual,20954,Petrol,20,60.1,1.2
 Polo,2018,11997,Manual,15641,Petrol,145,64.2,1.0
 Polo,2015,8290,Manual,27000,Petrol,20,60.1,1.0
 Polo,2015,7290,Manual,43000,Petrol,20,58.9,1.0
 Polo,2016,10500,Manual,16600,Petrol,20,60.1,1.2
 Polo,2014,6650,Manual,42555,Petrol,125,51.4,1.2
 Polo,2014,5995,Manual,64207,Diesel,20,72.4,1.2
 Polo,2017,10666,Manual,18494,Petrol,20,60.1,1.2
 Polo,2017,9690,Manual,18085,Petrol,145,60.1,1.0
 Polo,2016,8790,Manual,51500,Petrol,20,60.1,1.2
 Polo,2017,10200,Manual,17156,Petrol,20,58.9,1.0
 Polo,2016,10700,Manual,45750,Petrol,20,61.4,1.4
 Polo,2015,8000,Manual,23836,Petrol,20,60.1,1.0
 Polo,2017,10000,Manual,13544,Petrol,20,60.1,1.0
 Polo,2014,9300,Manual,22543,Petrol,20,60.1,1.2
 Polo,2017,10200,Manual,22781,Petrol,145,60.1,1.2
 Polo,2013,10800,Automatic,35653,Petrol,145,47.9,1.4
 Polo,2015,10000,Automatic,27407,Petrol,20,60.1,1.2
 Polo,2019,13000,Manual,1595,Petrol,145,48.7,1.0
 Polo,2014,7000,Manual,17238,Petrol,20,60.1,1.0
 Polo,2016,9500,Manual,21514,Petrol,20,60.1,1.0
 Polo,2016,10600,Manual,17049,Petrol,20,60.1,1.2
 Polo,2016,9200,Manual,21816,Petrol,20,58.9,1.0
 Polo,2017,10500,Manual,24755,Petrol,145,60.1,1.2
 Polo,2016,10600,Manual,17897,Petrol,20,60.1,1.2
 Polo,2015,8400,Manual,21171,Petrol,20,58.9,1.0
 Polo,2017,15500,Automatic,14004,Petrol,145,50.4,1.8
 Polo,2018,11750,Manual,14000,Petrol,145,60.1,1.0
 Polo,2017,10750,Manual,22000,Petrol,150,60.1,1.2
 Polo,2010,3350,Manual,95400,Petrol,125,51.4,1.2
 Polo,2014,11500,Automatic,32315,Petrol,145,47.9,1.4
 Polo,2017,11300,Manual,13378,Petrol,145,60.1,1.2
 Polo,2019,13400,Manual,9692,Petrol,145,52.3,1.0
 Polo,2016,9500,Manual,21331,Petrol,20,60.1,1.2
 Polo,2015,9300,Manual,24193,Petrol,20,60.1,1.2
 Polo,2015,8300,Manual,43006,Petrol,20,60.1,1.2
 Polo,2016,9490,Manual,34000,Diesel,0,60.1,1.4
 Polo,2015,6490,Manual,50000,Petrol,0,65.7,1.0
 Polo,2015,5490,Manual,62000,Petrol,20,60.1,1.0
 Polo,2015,6490,Manual,39000,Petrol,20,60.1,1.2
 Polo,2014,6500,Manual,50120,Petrol,125,51.4,1.2
 Polo,2014,5490,Manual,54000,Petrol,125,51.4,1.2
 Polo,2014,6490,Manual,38000,Petrol,20,60.1,1.2
 Polo,2015,5990,Manual,47000,Petrol,20,60.1,1.0
 Polo,2016,6990,Manual,62000,Petrol,20,60.1,1.2
 Polo,2016,11082,Manual,13611,Petrol,20,60.1,1.2
 Polo,2016,6990,Manual,40000,Petrol,20,60.1,1.0
 Polo,2018,11999,Manual,11432,Petrol,145,64.2,1.0
 Polo,2018,13699,Automatic,8502,Petrol,145,61.4,1.0
 Polo,2016,7999,Manual,26655,Petrol,20,60.1,1.0
 Polo,2017,8250,Manual,29689,Petrol,145,60.1,1.2
 Polo,2016,13800,Automatic,24749,Petrol,125,50.4,1.8
 Polo,2017,11410,Automatic,28208,Petrol,20,60.1,1.2
 Polo,2014,7289,Manual,24790,Diesel,0,83.1,1.4
 Polo,2014,6772,Manual,71094,Petrol,20,60.1,1.2
 Polo,2014,5899,Manual,72125,Petrol,125,51.4,1.2
 Polo,2016,13499,Automatic,12635,Petrol,20,61.4,1.4
 Polo,2016,12999,Automatic,29380,Petrol,125,50.4,1.8
 Polo,2016,6490,Manual,31000,Petrol,20,60.1,1.0
 Polo,2018,13799,Manual,11918,Petrol,145,51.4,1.0
 Polo,2012,6320,Manual,54042,Petrol,145,47.9,1.4
 Polo,2015,8164,Manual,30274,Petrol,20,60.1,1.2
 Polo,2016,9350,Manual,18291,Petrol,20,60.1,1.2
 Polo,2015,6990,Manual,27000,Petrol,20,60.1,1.2
 Polo,2015,8990,Manual,35000,Petrol,20,61.4,1.4
 Polo,2014,8534,Manual,20667,Petrol,20,60.1,1.2
 Polo,2017,10299,Manual,11845,Petrol,145,60.1,1.2
 Polo,2012,5399,Manual,40983,Petrol,125,51.4,1.2
 Polo,2016,8899,Manual,13171,Petrol,20,60.1,1.2
 Polo,2016,11199,Automatic,15046,Petrol,20,58.9,1.0
 Polo,2016,9191,Manual,20895,Petrol,20,60.1,1.2
 Polo,2016,10749,Automatic,39717,Petrol,20,60.1,1.2
 Polo,2012,5475,Manual,40122,Petrol,125,51.4,1.2
 Polo,2017,11484,Manual,9451,Petrol,145,61.7,1.2
 Polo,2016,9400,Automatic,53197,Petrol,20,60.1,1.2
 Polo,2016,9199,Manual,23372,Petrol,20,60.1,1.2
 Polo,2013,6872,Manual,57000,Petrol,125,53.3,1.2
 Polo,2017,9640,Manual,37778,Diesel,145,74.3,1.4
 Polo,2017,10899,Manual,9590,Petrol,145,60.1,1.2
 Polo,2017,9799,Manual,36740,Petrol,145,60.1,1.2
 Polo,2015,11299,Automatic,27019,Petrol,20,61.4,1.4
 Polo,2016,9185,Manual,22641,Petrol,20,60.1,1.0
 Polo,2017,9740,Manual,34070,Diesel,150,74.3,1.4
 Polo,2017,10214,Manual,22385,Petrol,145,60.1,1.0
 Polo,2016,8999,Manual,15349,Petrol,20,60.1,1.2
 Polo,2017,12999,Automatic,1536,Petrol,145,60.1,1.2
 Polo,2016,7899,Manual,39707,Petrol,20,60.1,1.2
 Polo,2014,7458,Manual,27087,Petrol,20,60.1,1.0
 Polo,2016,7860,Manual,31729,Petrol,20,60.1,1.0
 Polo,2014,7430,Manual,29963,Petrol,20,60.1,1.0
 Polo,2013,8940,Automatic,63617,Petrol,20,61.4,1.4
 Polo,2016,9690,Manual,22358,Petrol,20,60.1,1.2
 Polo,2019,17290,Automatic,246,Petrol,145,46.3,1.0
 Polo,2015,6995,Manual,50125,Petrol,20,60.1,1.0
 Polo,2011,5440,Manual,48000,Petrol,150,47.9,1.4
 Polo,2011,5340,Manual,51000,Petrol,125,51.4,1.2
 Polo,2017,9740,Manual,23741,Petrol,150,60.1,1.2
 Polo,2015,8199,Manual,38816,Petrol,20,60.1,1.2
 Polo,2017,11349,Manual,28150,Petrol,145,65.7,1.0
 Polo,2017,10161,Manual,27366,Petrol,145,60.1,1.2
 Polo,2016,10000,Manual,19358,Petrol,20,60.1,1.2
 Polo,2017,9899,Manual,17351,Petrol,145,58.9,1.0
 Polo,2017,9499,Manual,22034,Petrol,145,60.1,1.2
 Polo,2015,7690,Manual,36149,Petrol,20,60.1,1.2
 Polo,2013,7398,Manual,38197,Petrol,145,47.9,1.4
 Polo,2014,7708,Manual,46538,Petrol,20,60.1,1.2
 Polo,2015,7168,Manual,46453,Petrol,20,60.1,1.0
 Polo,2011,8650,Automatic,43931,Petrol,145,47.9,1.4
 Polo,2016,10248,Automatic,33060,Petrol,20,60.1,1.2
 Polo,2016,8799,Manual,27532,Petrol,20,60.1,1.2
 Polo,2016,8999,Manual,35007,Petrol,20,60.1,1.2
 Polo,2017,9290,Manual,39758,Petrol,20,60.1,1.2
 Polo,2015,9495,Automatic,16507,Petrol,20,60.1,1.2
 Polo,2017,14653,Manual,11684,Petrol,150,47.0,1.8
 Polo,2016,7870,Manual,24441,Petrol,20,60.1,1.0
 Polo,2015,8190,Manual,35718,Petrol,20,58.9,1.0
 Polo,2013,8931,Manual,28896,Petrol,20,60.1,1.2
 Polo,2018,10733,Manual,15178,Petrol,145,60.1,1.0
 Polo,2017,9990,Manual,18000,Petrol,145,60.1,1.2
 Polo,2015,9499,Manual,9557,Petrol,20,60.1,1.2
 Polo,2017,9990,Manual,12899,Petrol,20,60.1,1.2
 Polo,2014,9999,Automatic,21099,Petrol,20,58.9,1.2
 Polo,2019,13490,Manual,2489,Petrol,150,52.3,1.0
 Polo,2019,21990,Automatic,1546,Petrol,145,39.8,2.0
 Polo,2016,8990,Manual,23351,Petrol,20,60.1,1.0
 Polo,2009,3299,Manual,91085,Diesel,30,61.4,1.4
 Polo,2010,4999,Automatic,37989,Petrol,145,47.9,1.4
 Polo,2012,5995,Manual,38776,Petrol,145,47.9,1.4
 Polo,2019,13989,Manual,6500,Diesel,145,57.7,1.6
 Polo,2011,6000,Manual,40000,Petrol,125,51.4,1.2
 Polo,2017,13800,Manual,11461,Petrol,20,61.4,1.4
 Polo,2015,8400,Manual,32236,Petrol,20,60.1,1.0
 Polo,2017,14000,Automatic,15947,Petrol,145,61.4,1.4